<?xml version="1.0" encoding="UTF-8"?>
<!DOCTYPE nmaprun>
<?xml-stylesheet href="file:///usr/bin/../share/nmap/nmap.xsl" type="text/xsl"?>
<!-- Nmap 7.80 scan initiated Thu Apr 30 23:54:24 2020 as: nmap -vv -&#45;reason -Pn -A -&#45;osscan-guess -&#45;version-all -p- -oN /root/AutoRecon/results/192.168.50.46/scans/_full_tcp_nmap.txt -oX /root/AutoRecon/results/192.168.50.46/scans/xml/_full_tcp_nmap.xml 192.168.50.46 -->
<nmaprun scanner="nmap" args="nmap -vv -&#45;reason -Pn -A -&#45;osscan-guess -&#45;version-all -p- -oN /root/AutoRecon/results/192.168.50.46/scans/_full_tcp_nmap.txt -oX /root/AutoRecon/results/192.168.50.46/scans/xml/_full_tcp_nmap.xml 192.168.50.46" start="1588262064" startstr="Thu Apr 30 23:54:24 2020" version="7.80" xmloutputversion="1.04">
<scaninfo type="syn" protocol="tcp" numservices="65535" services="1-65535"/>
<verbose level="2"/>
<debugging level="0"/>
<taskbegin task="NSE" time="1588262071"/>
<taskend task="NSE" time="1588262071"/>
<taskbegin task="NSE" time="1588262071"/>
<taskend task="NSE" time="1588262071"/>
<taskbegin task="NSE" time="1588262071"/>
<taskend task="NSE" time="1588262071"/>
<taskbegin task="Parallel DNS resolution of 1 host." time="1588262071"/>
<taskend task="Parallel DNS resolution of 1 host." time="1588262071"/>
<taskbegin task="SYN Stealth Scan" time="1588262071"/>
<taskprogress task="SYN Stealth Scan" time="1588262103" percent="0.53"/>
<taskprogress task="SYN Stealth Scan" time="1588262133" percent="1.81" remaining="3357" etc="1588265490"/>
<taskprogress task="SYN Stealth Scan" time="1588262164" percent="4.18" remaining="2133" etc="1588264297"/>
<taskprogress task="SYN Stealth Scan" time="1588262194" percent="5.08" remaining="2301" etc="1588264494"/>
<taskprogress task="SYN Stealth Scan" time="1588262224" percent="5.83" remaining="2473" etc="1588264696"/>
<taskprogress task="SYN Stealth Scan" time="1588262254" percent="7.47" remaining="2267" etc="1588264521"/>
<taskprogress task="SYN Stealth Scan" time="1588262284" percent="9.72" remaining="1979" etc="1588264263"/>
<taskprogress task="SYN Stealth Scan" time="1588262314" percent="11.70" remaining="1835" etc="1588264148"/>
<taskprogress task="SYN Stealth Scan" time="1588262344" percent="15.44" remaining="1495" etc="1588263839"/>
<taskprogress task="SYN Stealth Scan" time="1588262374" percent="19.19" remaining="1276" etc="1588263650"/>
<taskprogress task="SYN Stealth Scan" time="1588262404" percent="23.18" remaining="1104" etc="1588263508"/>
<taskprogress task="SYN Stealth Scan" time="1588262443" percent="26.52" remaining="1031" etc="1588263474"/>
<taskprogress task="SYN Stealth Scan" time="1588262503" percent="31.19" remaining="953" etc="1588263456"/>
<taskprogress task="SYN Stealth Scan" time="1588262533" percent="34.87" remaining="863" etc="1588263396"/>
<taskprogress task="SYN Stealth Scan" time="1588262563" percent="38.41" remaining="789" etc="1588263352"/>
<taskprogress task="SYN Stealth Scan" time="1588262678" percent="45.62" remaining="724" etc="1588263401"/>
<taskprogress task="SYN Stealth Scan" time="1588262765" percent="51.48" remaining="654" etc="1588263419"/>
<taskprogress task="SYN Stealth Scan" time="1588262863" percent="52.31" remaining="723" etc="1588263585"/>
<taskprogress task="SYN Stealth Scan" time="1588262989" percent="58.80" remaining="644" etc="1588263632"/>
<taskprogress task="SYN Stealth Scan" time="1588263019" percent="62.72" remaining="564" etc="1588263582"/>
<taskprogress task="SYN Stealth Scan" time="1588263052" percent="67.00" remaining="484" etc="1588263535"/>
<taskprogress task="SYN Stealth Scan" time="1588263088" percent="71.51" remaining="406" etc="1588263493"/>
<taskprogress task="SYN Stealth Scan" time="1588263118" percent="76.66" remaining="319" etc="1588263437"/>
<taskprogress task="SYN Stealth Scan" time="1588263148" percent="82.27" remaining="233" etc="1588263380"/>
<taskprogress task="SYN Stealth Scan" time="1588263184" percent="87.18" remaining="164" etc="1588263348"/>
<taskprogress task="SYN Stealth Scan" time="1588263232" percent="92.22" remaining="98" etc="1588263330"/>
<taskprogress task="SYN Stealth Scan" time="1588263268" percent="97.24" remaining="34" etc="1588263302"/>
<taskend task="SYN Stealth Scan" time="1588263298" extrainfo="65535 total ports"/>
<taskbegin task="Service scan" time="1588263298"/>
<taskend task="Service scan" time="1588263447" extrainfo="10 services on 1 host"/>
<taskbegin task="Traceroute" time="1588263464"/>
<taskend task="Traceroute" time="1588263464"/>
<taskbegin task="Parallel DNS resolution of 2 hosts." time="1588263464"/>
<taskend task="Parallel DNS resolution of 2 hosts." time="1588263471"/>
<taskbegin task="NSE" time="1588263471"/>
<taskprogress task="NSE" time="1588263502" percent="99.92" remaining="1" etc="1588263502"/>
<taskend task="NSE" time="1588263514"/>
<taskbegin task="NSE" time="1588263514"/>
<taskend task="NSE" time="1588263517"/>
<taskbegin task="NSE" time="1588263517"/>
<taskend task="NSE" time="1588263517"/>
<host starttime="1588262071" endtime="1588263517"><status state="up" reason="user-set" reason_ttl="0"/>
<address addr="192.168.50.46" addrtype="ipv4"/>
<hostnames>
<hostname name="192.168.50.46" type="PTR"/>
</hostnames>
<ports><extraports state="filtered" count="65525">
<extrareasons reason="no-responses" count="65525"/>
</extraports>
<port protocol="tcp" portid="80"><state state="open" reason="syn-ack" reason_ttl="127"/><service name="http" product="Apache httpd" version="2.4.38" extrainfo="(Win32) OpenSSL/1.1.1a PHP/7.3.2" method="probed" conf="10"><cpe>cpe:/a:apache:http_server:2.4.38</cpe></service><script id="http-favicon" output="Unknown favicon MD5: 56F7C04657931F2D0B79371B2D6E9820"/><script id="http-methods" output="&#xa;  Supported Methods: GET HEAD POST OPTIONS"><table key="Supported Methods">
<elem>GET</elem>
<elem>HEAD</elem>
<elem>POST</elem>
<elem>OPTIONS</elem>
</table>
</script><script id="http-server-header" output="Apache/2.4.38 (Win32) OpenSSL/1.1.1a PHP/7.3.2"><elem>Apache/2.4.38 (Win32) OpenSSL/1.1.1a PHP/7.3.2</elem>
</script><script id="http-title" output="Welcome to XAMPP&#xa;Requested resource was http://192.168.50.46/dashboard/"><elem key="title">Welcome to XAMPP</elem>
<elem key="redirect_url">http://192.168.50.46/dashboard/</elem>
</script><script id="https-redirect" output="ERROR: Script execution failed (use -d to debug)"/></port>
<port protocol="tcp" portid="135"><state state="open" reason="syn-ack" reason_ttl="127"/><service name="msrpc" product="Microsoft Windows RPC" ostype="Windows" method="probed" conf="10"><cpe>cpe:/o:microsoft:windows</cpe></service></port>
<port protocol="tcp" portid="139"><state state="open" reason="syn-ack" reason_ttl="127"/><service name="netbios-ssn" product="Microsoft Windows netbios-ssn" ostype="Windows" method="probed" conf="10"><cpe>cpe:/o:microsoft:windows</cpe></service></port>
<port protocol="tcp" portid="443"><state state="open" reason="syn-ack" reason_ttl="127"/><service name="http" product="Apache httpd" version="2.4.38" extrainfo="(Win32) OpenSSL/1.1.1a PHP/7.3.2" tunnel="ssl" method="probed" conf="10"><cpe>cpe:/a:apache:http_server:2.4.38</cpe></service><script id="http-favicon" output="Unknown favicon MD5: 6EB4A43CB64C97F76562AF703893C8FD"/><script id="http-methods" output="&#xa;  Supported Methods: GET HEAD POST OPTIONS"><table key="Supported Methods">
<elem>GET</elem>
<elem>HEAD</elem>
<elem>POST</elem>
<elem>OPTIONS</elem>
</table>
</script><script id="http-server-header" output="Apache/2.4.38 (Win32) OpenSSL/1.1.1a PHP/7.3.2"><elem>Apache/2.4.38 (Win32) OpenSSL/1.1.1a PHP/7.3.2</elem>
</script><script id="http-title" output="Welcome to XAMPP&#xa;Requested resource was https://192.168.50.46/dashboard/"><elem key="title">Welcome to XAMPP</elem>
<elem key="redirect_url">https://192.168.50.46/dashboard/</elem>
</script><script id="ssl-cert" output="Subject: commonName=localhost&#xa;Issuer: commonName=localhost&#xa;Public Key type: rsa&#xa;Public Key bits: 1024&#xa;Signature Algorithm: sha1WithRSAEncryption&#xa;Not valid before: 2009-11-10T23:48:47&#xa;Not valid after:  2019-11-08T23:48:47&#xa;MD5:   a0a4 4cc9 9e84 b26f 9e63 9f9e d229 dee0&#xa;SHA-1: b023 8c54 7a90 5bfa 119c 4e8b acca eacf 3649 1ff6&#xa;-&#45;&#45;&#45;&#45;BEGIN CERTIFICATE-&#45;&#45;&#45;&#45;&#xa;MIIBnzCCAQgCCQC1x1LJh4G1AzANBgkqhkiG9w0BAQUFADAUMRIwEAYDVQQDEwls&#xa;b2NhbGhvc3QwHhcNMDkxMTEwMjM0ODQ3WhcNMTkxMTA4MjM0ODQ3WjAUMRIwEAYD&#xa;VQQDEwlsb2NhbGhvc3QwgZ8wDQYJKoZIhvcNAQEBBQADgY0AMIGJAoGBAMEl0yfj&#xa;7K0Ng2pt51+adRAj4pCdoGOVjx1BmljVnGOMW3OGkHnMw9ajibh1vB6UfHxu463o&#xa;J1wLxgxq+Q8y/rPEehAjBCspKNSq+bMvZhD4p8HNYMRrKFfjZzv3ns1IItw46kgT&#xa;gDpAl1cMRzVGPXFimu5TnWMOZ3ooyaQ0/xntAgMBAAEwDQYJKoZIhvcNAQEFBQAD&#xa;gYEAavHzSWz5umhfb/MnBMa5DL2VNzS+9whmmpsDGEG+uR0kM1W2GQIdVHHJTyFd&#xa;aHXzgVJBQcWTwhp84nvHSiQTDBSaT6cQNQpvag/TaED/SEQpm0VqDFwpfFYuufBL&#xa;vVNbLkKxbK2XwUvu0RxoLdBMC/89HqrZ0ppiONuQ+X2MtxE=&#xa;-&#45;&#45;&#45;&#45;END CERTIFICATE-&#45;&#45;&#45;&#45;&#xa;"><table key="subject">
<elem key="commonName">localhost</elem>
</table>
<table key="issuer">
<elem key="commonName">localhost</elem>
</table>
<table key="pubkey">
<elem key="bits">1024</elem>
<elem key="type">rsa</elem>
<elem key="modulus">userdata: 0x2e88128</elem>
<elem key="exponent">userdata: 0x2e87e68</elem>
</table>
<elem key="sig_algo">sha1WithRSAEncryption</elem>
<table key="validity">
<elem key="notAfter">2019-11-08T23:48:47</elem>
<elem key="notBefore">2009-11-10T23:48:47</elem>
</table>
<elem key="md5">a0a44cc99e84b26f9e639f9ed229dee0</elem>
<elem key="sha1">b0238c547a905bfa119c4e8baccaeacf36491ff6</elem>
<elem key="pem">-&#45;&#45;&#45;&#45;BEGIN CERTIFICATE-&#45;&#45;&#45;&#45;&#xa;MIIBnzCCAQgCCQC1x1LJh4G1AzANBgkqhkiG9w0BAQUFADAUMRIwEAYDVQQDEwls&#xa;b2NhbGhvc3QwHhcNMDkxMTEwMjM0ODQ3WhcNMTkxMTA4MjM0ODQ3WjAUMRIwEAYD&#xa;VQQDEwlsb2NhbGhvc3QwgZ8wDQYJKoZIhvcNAQEBBQADgY0AMIGJAoGBAMEl0yfj&#xa;7K0Ng2pt51+adRAj4pCdoGOVjx1BmljVnGOMW3OGkHnMw9ajibh1vB6UfHxu463o&#xa;J1wLxgxq+Q8y/rPEehAjBCspKNSq+bMvZhD4p8HNYMRrKFfjZzv3ns1IItw46kgT&#xa;gDpAl1cMRzVGPXFimu5TnWMOZ3ooyaQ0/xntAgMBAAEwDQYJKoZIhvcNAQEFBQAD&#xa;gYEAavHzSWz5umhfb/MnBMa5DL2VNzS+9whmmpsDGEG+uR0kM1W2GQIdVHHJTyFd&#xa;aHXzgVJBQcWTwhp84nvHSiQTDBSaT6cQNQpvag/TaED/SEQpm0VqDFwpfFYuufBL&#xa;vVNbLkKxbK2XwUvu0RxoLdBMC/89HqrZ0ppiONuQ+X2MtxE=&#xa;-&#45;&#45;&#45;&#45;END CERTIFICATE-&#45;&#45;&#45;&#45;&#xa;</elem>
</script><script id="ssl-date" output="ERROR: Script execution failed (use -d to debug)"/><script id="tls-alpn" output="&#xa;  http/1.1"><elem>http/1.1</elem>
</script></port>
<port protocol="tcp" portid="445"><state state="open" reason="syn-ack" reason_ttl="127"/><service name="microsoft-ds" method="table" conf="3"/></port>
<port protocol="tcp" portid="3306"><state state="open" reason="syn-ack" reason_ttl="127"/><service name="mysql" product="MySQL" version="5.5.5-10.1.38-MariaDB" method="probed" conf="10"><cpe>cpe:/a:mysql:mysql:5.5.5-10.1.38-mariadb</cpe></service><script id="mysql-info" output="&#xa;  Protocol: 10&#xa;  Version: 5.5.5-10.1.38-MariaDB&#xa;  Thread ID: 110&#xa;  Capabilities flags: 63487&#xa;  Some Capabilities: LongPassword, IgnoreSpaceBeforeParenthesis, Speaks41ProtocolNew, InteractiveClient, SupportsLoadDataLocal, FoundRows, SupportsCompression, SupportsTransactions, IgnoreSigpipes, DontAllowDatabaseTableColumn, Support41Auth, LongColumnFlag, ODBCClient, ConnectWithDatabase, Speaks41ProtocolOld, SupportsMultipleStatments, SupportsMultipleResults, SupportsAuthPlugins&#xa;  Status: Autocommit&#xa;  Salt: 8M[aTct?zk,4an%h_&amp;&lt;=&#xa;  Auth Plugin Name: mysql_native_password"><elem key="Protocol">10</elem>
<elem key="Version">5.5.5-10.1.38-MariaDB</elem>
<elem key="Thread ID">110</elem>
<elem key="Capabilities flags">63487</elem>
<table key="Some Capabilities">
<elem>LongPassword</elem>
<elem>IgnoreSpaceBeforeParenthesis</elem>
<elem>Speaks41ProtocolNew</elem>
<elem>InteractiveClient</elem>
<elem>SupportsLoadDataLocal</elem>
<elem>FoundRows</elem>
<elem>SupportsCompression</elem>
<elem>SupportsTransactions</elem>
<elem>IgnoreSigpipes</elem>
<elem>DontAllowDatabaseTableColumn</elem>
<elem>Support41Auth</elem>
<elem>LongColumnFlag</elem>
<elem>ODBCClient</elem>
<elem>ConnectWithDatabase</elem>
<elem>Speaks41ProtocolOld</elem>
<elem>SupportsMultipleStatments</elem>
<elem>SupportsMultipleResults</elem>
<elem>SupportsAuthPlugins</elem>
</table>
<elem key="Status">Autocommit</elem>
<elem key="Salt">8M[aTct?zk,4an%h_&amp;&lt;=</elem>
<elem key="Auth Plugin Name">mysql_native_password</elem>
</script></port>
<port protocol="tcp" portid="5800"><state state="open" reason="syn-ack" reason_ttl="127"/><service name="vnc-http" product="TightVNC" extrainfo="user: socket; VNC TCP port: 5900" method="probed" conf="10"><cpe>cpe:/a:tightvnc:tightvnc</cpe></service><script id="http-methods" output="&#xa;  Supported Methods: GET"><table key="Supported Methods">
<elem>GET</elem>
</table>
</script><script id="http-title" output="TightVNC desktop [socket]"><elem key="title">TightVNC desktop [socket]</elem>
</script></port>
<port protocol="tcp" portid="5900"><state state="open" reason="syn-ack" reason_ttl="127"/><service name="vnc" product="VNC" extrainfo="protocol 3.8" method="probed" conf="10"/><script id="ssl-cert" output="ERROR: Script execution failed (use -d to debug)"/><script id="ssl-date" output="ERROR: Script execution failed (use -d to debug)"/><script id="sslv2" output="ERROR: Script execution failed (use -d to debug)"/><script id="tls-alpn" output="ERROR: Script execution failed (use -d to debug)"/><script id="tls-nextprotoneg" output="ERROR: Script execution failed (use -d to debug)"/><script id="vnc-info" output="ERROR: Script execution failed (use -d to debug)"/></port>
<port protocol="tcp" portid="8081"><state state="open" reason="syn-ack" reason_ttl="127"/><service name="blackice-icecap" servicefp="SF-Port8081-TCP:V=7.80%I=9%D=5/1%Time=5EAAF989%P=i686-pc-linux-gnu%r(GetRequest,C4,&quot;HTTP/1\.1\x20404\x20Not\x20Found\r\nConnection:\x20close\r\nContent-Type:\x20text/html;\x20charset=ISO-8859-1\r\nContent-Length:\x2049\r\nDate:\x20Thu,\x2030\x20Apr\x202020\x2016:15:08\x20GMT\r\n\r\nThe\x20requested\x20URL\x20/\x20was\x20not\x20found\x20on\x20this\x20server\.&quot;)%r(FourOhFourRequest,DF,&quot;HTTP/1\.1\x20404\x20Not\x20Found\r\nConnection:\x20close\r\nContent-Type:\x20text/html;\x20charset=ISO-8859-1\r\nContent-Length:\x2076\r\nDate:\x20Thu,\x2030\x20Apr\x202020\x2016:15:09\x20GMT\r\n\r\nThe\x20requested\x20URL\x20/nice\x20ports,/Trinity\.txt\.bak\x20was\x20not\x20found\x20on\x20this\x20server\.&quot;)%r(SIPOptions,67,&quot;HTTP/1\.1\x20400\x20Bad\x20Request\r\nConnection:\x20close\r\nContent-Length:\x200\r\nDate:\x20Thu,\x2030\x20Apr\x202020\x2016:15:10\x20GMT\r\n\r\n&quot;)%r(HTTPOptions,5E,&quot;HTTP/1\.1\x20200\x20OK\r\nConnection:\x20close\r\nContent-Length:\x200\r\nDate:\x20Thu,\x2030\x20Apr\x202020\x2016:15:16\x20GMT\r\n\r\n&quot;)%r(RTSPRequest,5E,&quot;HTTP/1\.1\x20200\x20OK\r\nConnection:\x20close\r\nContent-Length:\x200\r\nDate:\x20Thu,\x2030\x20Apr\x202020\x2016:15:17\x20GMT\r\n\r\n&quot;)%r(OfficeScan,ED,&quot;HTTP/1\.1\x20400\x20Bad\x20Request\r\nConnection:\x20close\r\nContent-Length:\x200\r\nDate:\x20Thu,\x2030\x20Apr\x202020\x2016:17:20\x20GMT\r\n\r\n&lt;\?xml\x20version=\&quot;1\.0\&quot;\x20encoding=\&quot;ISO-8859-1\&quot;\?&gt;\r\n&lt;data&gt;\r\n&lt;var&gt;&lt;name&gt;CAVIT&lt;/name&gt;&lt;value&gt;\?&lt;/value&gt;&lt;description&gt;&lt;/description&gt;&lt;/var&gt;\r\n&lt;/data&gt;&quot;);" method="table" conf="3"/><script id="fingerprint-strings" output="&#xa;  FourOhFourRequest: &#xa;    HTTP/1.1 404 Not Found&#xa;    Connection: close&#xa;    Content-Type: text/html; charset=ISO-8859-1&#xa;    Content-Length: 76&#xa;    Date: Thu, 30 Apr 2020 16:15:09 GMT&#xa;    requested URL /nice ports,/Trinity.txt.bak was not found on this server.&#xa;  GetRequest: &#xa;    HTTP/1.1 404 Not Found&#xa;    Connection: close&#xa;    Content-Type: text/html; charset=ISO-8859-1&#xa;    Content-Length: 49&#xa;    Date: Thu, 30 Apr 2020 16:15:08 GMT&#xa;    requested URL / was not found on this server.&#xa;  HTTPOptions: &#xa;    HTTP/1.1 200 OK&#xa;    Connection: close&#xa;    Content-Length: 0&#xa;    Date: Thu, 30 Apr 2020 16:15:16 GMT&#xa;  OfficeScan: &#xa;    HTTP/1.1 400 Bad Request&#xa;    Connection: close&#xa;    Content-Length: 0&#xa;    Date: Thu, 30 Apr 2020 16:17:20 GMT&#xa;    &lt;?xml version=&quot;1.0&quot; encoding=&quot;ISO-8859-1&quot;?&gt;&#xa;    &lt;data&gt;&#xa;    &lt;var&gt;&lt;name&gt;CAVIT&lt;/name&gt;&lt;value&gt;?&lt;/value&gt;&lt;description&gt;&lt;/description&gt;&lt;/var&gt;&#xa;    &lt;/data&gt;&#xa;  RTSPRequest: &#xa;    HTTP/1.1 200 OK&#xa;    Connection: close&#xa;    Content-Length: 0&#xa;    Date: Thu, 30 Apr 2020 16:15:17 GMT&#xa;  SIPOptions: &#xa;    HTTP/1.1 400 Bad Request&#xa;    Connection: close&#xa;    Content-Length: 0&#xa;    Date: Thu, 30 Apr 2020 16:15:10 GMT"><elem key="FourOhFourRequest">&#xa;    HTTP/1.1 404 Not Found&#xa;    Connection: close&#xa;    Content-Type: text/html; charset=ISO-8859-1&#xa;    Content-Length: 76&#xa;    Date: Thu, 30 Apr 2020 16:15:09 GMT&#xa;    requested URL /nice ports,/Trinity.txt.bak was not found on this server.</elem>
<elem key="GetRequest">&#xa;    HTTP/1.1 404 Not Found&#xa;    Connection: close&#xa;    Content-Type: text/html; charset=ISO-8859-1&#xa;    Content-Length: 49&#xa;    Date: Thu, 30 Apr 2020 16:15:08 GMT&#xa;    requested URL / was not found on this server.</elem>
<elem key="HTTPOptions">&#xa;    HTTP/1.1 200 OK&#xa;    Connection: close&#xa;    Content-Length: 0&#xa;    Date: Thu, 30 Apr 2020 16:15:16 GMT</elem>
<elem key="OfficeScan">&#xa;    HTTP/1.1 400 Bad Request&#xa;    Connection: close&#xa;    Content-Length: 0&#xa;    Date: Thu, 30 Apr 2020 16:17:20 GMT&#xa;    &lt;?xml version=&quot;1.0&quot; encoding=&quot;ISO-8859-1&quot;?&gt;&#xa;    &lt;data&gt;&#xa;    &lt;var&gt;&lt;name&gt;CAVIT&lt;/name&gt;&lt;value&gt;?&lt;/value&gt;&lt;description&gt;&lt;/description&gt;&lt;/var&gt;&#xa;    &lt;/data&gt;</elem>
<elem key="RTSPRequest">&#xa;    HTTP/1.1 200 OK&#xa;    Connection: close&#xa;    Content-Length: 0&#xa;    Date: Thu, 30 Apr 2020 16:15:17 GMT</elem>
<elem key="SIPOptions">&#xa;    HTTP/1.1 400 Bad Request&#xa;    Connection: close&#xa;    Content-Length: 0&#xa;    Date: Thu, 30 Apr 2020 16:15:10 GMT</elem>
</script><script id="mcafee-epo-agent" output="ePO Agent not found"/></port>
<port protocol="tcp" portid="49666"><state state="open" reason="syn-ack" reason_ttl="127"/><service name="msrpc" product="Microsoft Windows RPC" ostype="Windows" method="probed" conf="10"><cpe>cpe:/o:microsoft:windows</cpe></service></port>
</ports>
<os><portused state="open" proto="tcp" portid="80"/>
<osfingerprint fingerprint="SCAN(V=7.80%E=4%D=5/1%OT=80%CT=%CU=%PV=Y%DS=2%DC=T%G=N%TM=5EAAFA5D%P=i686-pc-linux-gnu)&#xa;SEQ(TS=U)&#xa;OPS(O1=M54DNW8NNS%O2=M54DNW8NNS%O3=M54DNW8%O4=M54DNW8NNS%O5=M54DNW8NNS%O6=M54DNNS)&#xa;WIN(W1=FFFF%W2=FFFF%W3=FFFF%W4=FFFF%W5=FFFF%W6=FF70)&#xa;ECN(R=Y%DF=Y%TG=80%W=FFFF%O=M54DNW8NNS%CC=N%Q=)&#xa;T1(R=N)&#xa;T1(R=Y%DF=Y%TG=80%S=O%A=O%F=AS%RD=0%Q=)&#xa;T2(R=N)&#xa;T3(R=N)&#xa;T4(R=N)&#xa;U1(R=N)&#xa;IE(R=N)&#xa;IE(R=Y%DFI=N%TG=80%CD=Z)&#xa;"/>
</os>
<distance value="2"/>
<hostscript><script id="clock-skew" output="2s"><elem key="median">2</elem>
<elem key="count">1</elem>
<elem key="stddev">0</elem>
<elem key="mean">2</elem>
</script><script id="p2p-conficker" output="&#xa;  Checking for Conficker.C or higher...&#xa;  Check 1 (port 48986/tcp): CLEAN (Timeout)&#xa;  Check 2 (port 15812/tcp): CLEAN (Timeout)&#xa;  Check 3 (port 25909/udp): CLEAN (Timeout)&#xa;  Check 4 (port 3599/udp): CLEAN (Timeout)&#xa;  0/4 checks are positive: Host is CLEAN or ports are blocked&#xa;"/><script id="smb2-security-mode" output="&#xa;  2.02: &#xa;    Message signing enabled but not required"><table key="2.02">
<elem>Message signing enabled but not required</elem>
</table>
</script><script id="smb2-time" output="&#xa;  date: 2020-04-30T16:18:01&#xa;  start_date: N/A"><elem key="date">2020-04-30T16:18:01</elem>
<elem key="start_date">N/A</elem>
</script></hostscript><trace port="445" proto="tcp">
<hop ttl="1" ipaddr="192.168.19.1" rtt="365.36" host="192.168.19.1"/>
<hop ttl="2" ipaddr="192.168.50.46" rtt="365.33" host="192.168.50.46"/>
</trace>
<times srtt="348662" rttvar="27020" to="456742"/>
</host>
<taskbegin task="NSE" time="1588263517"/>
<taskend task="NSE" time="1588263517"/>
<taskbegin task="NSE" time="1588263517"/>
<taskend task="NSE" time="1588263517"/>
<taskbegin task="NSE" time="1588263517"/>
<taskend task="NSE" time="1588263517"/>
<runstats><finished time="1588263517" timestr="Fri May  1 00:18:37 2020" elapsed="1467.78" summary="Nmap done at Fri May  1 00:18:37 2020; 1 IP address (1 host up) scanned in 1467.78 seconds" exit="success"/><hosts up="1" down="0" total="1"/>
</runstats>
</nmaprun>
