<?xml version="1.0" encoding="UTF-8"?>
<!DOCTYPE nmaprun>
<?xml-stylesheet href="file:///usr/bin/../share/nmap/nmap.xsl" type="text/xsl"?>
<!-- Nmap 7.80 scan initiated Thu Apr 30 23:54:25 2020 as: nmap -vv -&#45;reason -Pn -sU -A -&#45;top-ports=20 -&#45;version-all -oN /root/AutoRecon/results/192.168.50.46/scans/_top_20_udp_nmap.txt -oX /root/AutoRecon/results/192.168.50.46/scans/xml/_top_20_udp_nmap.xml 192.168.50.46 -->
<nmaprun scanner="nmap" args="nmap -vv -&#45;reason -Pn -sU -A -&#45;top-ports=20 -&#45;version-all -oN /root/AutoRecon/results/192.168.50.46/scans/_top_20_udp_nmap.txt -oX /root/AutoRecon/results/192.168.50.46/scans/xml/_top_20_udp_nmap.xml 192.168.50.46" start="1588262065" startstr="Thu Apr 30 23:54:25 2020" version="7.80" xmloutputversion="1.04">
<scaninfo type="udp" protocol="udp" numservices="20" services="53,67-69,123,135,137-139,161-162,445,500,514,520,631,1434,1900,4500,49152"/>
<verbose level="2"/>
<debugging level="0"/>
<taskbegin task="NSE" time="1588262072"/>
<taskend task="NSE" time="1588262072"/>
<taskbegin task="NSE" time="1588262072"/>
<taskend task="NSE" time="1588262072"/>
<taskbegin task="NSE" time="1588262072"/>
<taskend task="NSE" time="1588262072"/>
<taskbegin task="Parallel DNS resolution of 1 host." time="1588262072"/>
<taskend task="Parallel DNS resolution of 1 host." time="1588262072"/>
<taskbegin task="UDP Scan" time="1588262072"/>
<taskend task="UDP Scan" time="1588262077" extrainfo="20 total ports"/>
<taskbegin task="Service scan" time="1588262078"/>
<taskprogress task="Service scan" time="1588262321" percent="5.00" remaining="4618" etc="1588266938"/>
<taskend task="Service scan" time="1588262321" extrainfo="20 services on 1 host"/>
<taskbegin task="Traceroute" time="1588262335"/>
<taskend task="Traceroute" time="1588262335"/>
<taskbegin task="Parallel DNS resolution of 2 hosts." time="1588262335"/>
<taskend task="Parallel DNS resolution of 2 hosts." time="1588262342"/>
<taskbegin task="NSE" time="1588262342"/>
<taskprogress task="NSE" time="1588262373" percent="98.53" remaining="1" etc="1588262373"/>
<taskprogress task="NSE" time="1588262403" percent="98.64" remaining="1" etc="1588262404"/>
<taskprogress task="NSE" time="1588262433" percent="98.79" remaining="2" etc="1588262434"/>
<taskprogress task="NSE" time="1588262463" percent="99.06" remaining="2" etc="1588262464"/>
<taskprogress task="NSE" time="1588262493" percent="99.13" remaining="2" etc="1588262494"/>
<taskprogress task="NSE" time="1588262523" percent="99.24" remaining="2" etc="1588262524"/>
<taskprogress task="NSE" time="1588262553" percent="99.40" remaining="2" etc="1588262554"/>
<taskprogress task="NSE" time="1588262583" percent="99.66" remaining="1" etc="1588262584"/>
<taskprogress task="NSE" time="1588262613" percent="99.77" remaining="1" etc="1588262614"/>
<taskend task="NSE" time="1588262634"/>
<taskbegin task="NSE" time="1588262634"/>
<taskend task="NSE" time="1588262636"/>
<taskbegin task="NSE" time="1588262636"/>
<taskend task="NSE" time="1588262636"/>
<host starttime="1588262072" endtime="1588262636"><status state="up" reason="user-set" reason_ttl="0"/>
<address addr="192.168.50.46" addrtype="ipv4"/>
<hostnames>
<hostname name="192.168.50.46" type="PTR"/>
</hostnames>
<ports><port protocol="udp" portid="53"><state state="open|filtered" reason="no-response" reason_ttl="0"/><service name="domain" method="table" conf="3"/></port>
<port protocol="udp" portid="67"><state state="open|filtered" reason="no-response" reason_ttl="0"/><service name="dhcps" method="table" conf="3"/></port>
<port protocol="udp" portid="68"><state state="open|filtered" reason="no-response" reason_ttl="0"/><service name="dhcpc" method="table" conf="3"/></port>
<port protocol="udp" portid="69"><state state="open|filtered" reason="no-response" reason_ttl="0"/><service name="tftp" method="table" conf="3"/></port>
<port protocol="udp" portid="123"><state state="open|filtered" reason="no-response" reason_ttl="0"/><service name="ntp" method="table" conf="3"/></port>
<port protocol="udp" portid="135"><state state="open|filtered" reason="no-response" reason_ttl="0"/><service name="msrpc" method="table" conf="3"/></port>
<port protocol="udp" portid="137"><state state="open|filtered" reason="no-response" reason_ttl="0"/><service name="netbios-ns" method="table" conf="3"/></port>
<port protocol="udp" portid="138"><state state="open|filtered" reason="no-response" reason_ttl="0"/><service name="netbios-dgm" method="table" conf="3"/></port>
<port protocol="udp" portid="139"><state state="open|filtered" reason="no-response" reason_ttl="0"/><service name="netbios-ssn" method="table" conf="3"/></port>
<port protocol="udp" portid="161"><state state="open|filtered" reason="no-response" reason_ttl="0"/><service name="snmp" method="table" conf="3"/></port>
<port protocol="udp" portid="162"><state state="open|filtered" reason="no-response" reason_ttl="0"/><service name="snmptrap" method="table" conf="3"/></port>
<port protocol="udp" portid="445"><state state="open|filtered" reason="no-response" reason_ttl="0"/><service name="microsoft-ds" method="table" conf="3"/></port>
<port protocol="udp" portid="500"><state state="open|filtered" reason="no-response" reason_ttl="0"/><service name="isakmp" method="table" conf="3"/><script id="ike-version" output="ERROR: Script execution failed (use -d to debug)"/></port>
<port protocol="udp" portid="514"><state state="open|filtered" reason="no-response" reason_ttl="0"/><service name="syslog" method="table" conf="3"/></port>
<port protocol="udp" portid="520"><state state="open|filtered" reason="no-response" reason_ttl="0"/><service name="route" method="table" conf="3"/></port>
<port protocol="udp" portid="631"><state state="open|filtered" reason="no-response" reason_ttl="0"/><service name="ipp" method="table" conf="3"/></port>
<port protocol="udp" portid="1434"><state state="open|filtered" reason="no-response" reason_ttl="0"/><service name="ms-sql-m" method="table" conf="3"/></port>
<port protocol="udp" portid="1900"><state state="open|filtered" reason="no-response" reason_ttl="0"/><service name="upnp" method="table" conf="3"/></port>
<port protocol="udp" portid="4500"><state state="open|filtered" reason="no-response" reason_ttl="0"/><service name="nat-t-ike" method="table" conf="3"/></port>
<port protocol="udp" portid="49152"><state state="open|filtered" reason="no-response" reason_ttl="0"/><service name="unknown" method="table" conf="3"/></port>
</ports>
<os><osfingerprint fingerprint="SCAN(V=7.80%E=4%D=5/1%OT=%CT=%CU=%PV=Y%DS=2%DC=T%G=N%TM=5EAAF6EC%P=i686-pc-linux-gnu)&#xa;SEQ(II=I)&#xa;U1(R=N)&#xa;IE(R=Y%DFI=N%TG=80%CD=Z)&#xa;"/>
</os>
<distance value="2"/>
<trace proto="icmp">
<hop ttl="1" ipaddr="192.168.19.1" rtt="270.80" host="192.168.19.1"/>
<hop ttl="2" ipaddr="192.168.50.46" rtt="270.74" host="192.168.50.46"/>
</trace>
<times srtt="307141" rttvar="73840" to="602501"/>
</host>
<taskbegin task="NSE" time="1588262636"/>
<taskend task="NSE" time="1588262636"/>
<taskbegin task="NSE" time="1588262636"/>
<taskend task="NSE" time="1588262636"/>
<taskbegin task="NSE" time="1588262636"/>
<taskend task="NSE" time="1588262636"/>
<runstats><finished time="1588262636" timestr="Fri May  1 00:03:56 2020" elapsed="586.86" summary="Nmap done at Fri May  1 00:03:56 2020; 1 IP address (1 host up) scanned in 586.86 seconds" exit="success"/><hosts up="1" down="0" total="1"/>
</runstats>
</nmaprun>
