<?xml version="1.0" encoding="UTF-8"?>
<!DOCTYPE nmaprun>
<?xml-stylesheet href="file:///usr/bin/../share/nmap/nmap.xsl" type="text/xsl"?>
<!-- Nmap 7.80 scan initiated Fri May  1 00:05:12 2020 as: nmap -vv -&#45;reason -Pn -sV -p 3306 &quot;-&#45;script=banner,(mysql* or ssl*) and not (brute or broadcast or dos or external or fuzzer)&quot; -oN /root/AutoRecon/results/192.168.50.46/scans/tcp_3306_mysql_nmap.txt -oX /root/AutoRecon/results/192.168.50.46/scans/xml/tcp_3306_mysql_nmap.xml 192.168.50.46 -->
<nmaprun scanner="nmap" args="nmap -vv -&#45;reason -Pn -sV -p 3306 &quot;-&#45;script=banner,(mysql* or ssl*) and not (brute or broadcast or dos or external or fuzzer)&quot; -oN /root/AutoRecon/results/192.168.50.46/scans/tcp_3306_mysql_nmap.txt -oX /root/AutoRecon/results/192.168.50.46/scans/xml/tcp_3306_mysql_nmap.xml 192.168.50.46" start="1588262712" startstr="Fri May  1 00:05:12 2020" version="7.80" xmloutputversion="1.04">
<scaninfo type="syn" protocol="tcp" numservices="1" services="3306"/>
<verbose level="2"/>
<debugging level="0"/>
<taskbegin task="NSE" time="1588262722"/>
<taskend task="NSE" time="1588262722"/>
<taskbegin task="NSE" time="1588262722"/>
<taskend task="NSE" time="1588262722"/>
<taskbegin task="NSE" time="1588262722"/>
<taskend task="NSE" time="1588262722"/>
<taskbegin task="Parallel DNS resolution of 1 host." time="1588262722"/>
<taskend task="Parallel DNS resolution of 1 host." time="1588262722"/>
<taskbegin task="SYN Stealth Scan" time="1588262722"/>
<taskend task="SYN Stealth Scan" time="1588262722" extrainfo="1 total ports"/>
<taskbegin task="Service scan" time="1588262725"/>
<taskend task="Service scan" time="1588262727" extrainfo="1 service on 1 host"/>
<taskbegin task="NSE" time="1588262727"/>
<taskprogress task="NSE" time="1588262758" percent="97.96" remaining="1" etc="1588262759"/>
<taskprogress task="NSE" time="1588262788" percent="97.96" remaining="2" etc="1588262789"/>
<taskprogress task="NSE" time="1588262818" percent="97.96" remaining="2" etc="1588262820"/>
<taskprogress task="NSE" time="1588262848" percent="97.96" remaining="3" etc="1588262851"/>
<taskend task="NSE" time="1588262852"/>
<taskbegin task="NSE" time="1588262852"/>
<taskend task="NSE" time="1588262852"/>
<taskbegin task="NSE" time="1588262852"/>
<taskend task="NSE" time="1588262852"/>
<host starttime="1588262722" endtime="1588262852"><status state="up" reason="user-set" reason_ttl="0"/>
<address addr="192.168.50.46" addrtype="ipv4"/>
<hostnames>
<hostname name="192.168.50.46" type="PTR"/>
</hostnames>
<ports><port protocol="tcp" portid="3306"><state state="open" reason="syn-ack" reason_ttl="127"/><service name="mysql" product="MySQL" version="5.5.5-10.1.38-MariaDB" method="probed" conf="10"><cpe>cpe:/a:mysql:mysql:5.5.5-10.1.38-mariadb</cpe></service><script id="banner" output="Y\x00\x00\x00\x0A5.5.5-10.1.38-MariaDB\x00C\x00\x00\x00[&apos;O9k4^\&#xa;\x00\xFF\xF7\x08\x02\x00?\xA0\x15\x00\x00\x00\x00\x00\x00\x00\x00\x00\x&#xa;004,!_&gt;W{%AZ&quot;7\x00mysql_native_password\x00"/><script id="mysql-info" output="&#xa;  Protocol: 10&#xa;  Version: 5.5.5-10.1.38-MariaDB&#xa;  Thread ID: 68&#xa;  Capabilities flags: 63487&#xa;  Some Capabilities: DontAllowDatabaseTableColumn, Speaks41ProtocolNew, SupportsLoadDataLocal, IgnoreSpaceBeforeParenthesis, LongColumnFlag, ConnectWithDatabase, LongPassword, SupportsTransactions, FoundRows, Speaks41ProtocolOld, InteractiveClient, IgnoreSigpipes, Support41Auth, SupportsCompression, ODBCClient, SupportsAuthPlugins, SupportsMultipleStatments, SupportsMultipleResults&#xa;  Status: Autocommit&#xa;  Salt: of0[Z1$_6/(yLP+&apos;&quot;o0;&#xa;  Auth Plugin Name: mysql_native_password"><elem key="Protocol">10</elem>
<elem key="Version">5.5.5-10.1.38-MariaDB</elem>
<elem key="Thread ID">68</elem>
<elem key="Capabilities flags">63487</elem>
<table key="Some Capabilities">
<elem>DontAllowDatabaseTableColumn</elem>
<elem>Speaks41ProtocolNew</elem>
<elem>SupportsLoadDataLocal</elem>
<elem>IgnoreSpaceBeforeParenthesis</elem>
<elem>LongColumnFlag</elem>
<elem>ConnectWithDatabase</elem>
<elem>LongPassword</elem>
<elem>SupportsTransactions</elem>
<elem>FoundRows</elem>
<elem>Speaks41ProtocolOld</elem>
<elem>InteractiveClient</elem>
<elem>IgnoreSigpipes</elem>
<elem>Support41Auth</elem>
<elem>SupportsCompression</elem>
<elem>ODBCClient</elem>
<elem>SupportsAuthPlugins</elem>
<elem>SupportsMultipleStatments</elem>
<elem>SupportsMultipleResults</elem>
</table>
<elem key="Status">Autocommit</elem>
<elem key="Salt">of0[Z1$_6/(yLP+&apos;&quot;o0;</elem>
<elem key="Auth Plugin Name">mysql_native_password</elem>
</script><script id="mysql-vuln-cve2012-2122" output="ERROR: Script execution failed (use -d to debug)"/></port>
</ports>
<times srtt="294902" rttvar="294902" to="1474510"/>
</host>
<taskbegin task="NSE" time="1588262852"/>
<taskend task="NSE" time="1588262852"/>
<taskbegin task="NSE" time="1588262852"/>
<taskend task="NSE" time="1588262852"/>
<taskbegin task="NSE" time="1588262852"/>
<taskend task="NSE" time="1588262852"/>
<runstats><finished time="1588262852" timestr="Fri May  1 00:07:32 2020" elapsed="140.29" summary="Nmap done at Fri May  1 00:07:32 2020; 1 IP address (1 host up) scanned in 140.29 seconds" exit="success"/><hosts up="1" down="0" total="1"/>
</runstats>
</nmaprun>
