<?xml version="1.0" encoding="UTF-8"?>
<!DOCTYPE nmaprun>
<?xml-stylesheet href="file:///usr/bin/../share/nmap/nmap.xsl" type="text/xsl"?>
<!-- Nmap 7.80 scan initiated Fri May  1 00:05:47 2020 as: nmap -vv -&#45;reason -Pn -sV -p 5900 &quot;-&#45;script=banner,(vnc* or realvnc* or ssl*) and not (brute or broadcast or dos or external or fuzzer)&quot; -&#45;script-args=unsafe=1 -oN /root/AutoRecon/results/192.168.50.46/scans/tcp_5900_vnc_nmap.txt -oX /root/AutoRecon/results/192.168.50.46/scans/xml/tcp_5900_vnc_nmap.xml 192.168.50.46 -->
<nmaprun scanner="nmap" args="nmap -vv -&#45;reason -Pn -sV -p 5900 &quot;-&#45;script=banner,(vnc* or realvnc* or ssl*) and not (brute or broadcast or dos or external or fuzzer)&quot; -&#45;script-args=unsafe=1 -oN /root/AutoRecon/results/192.168.50.46/scans/tcp_5900_vnc_nmap.txt -oX /root/AutoRecon/results/192.168.50.46/scans/xml/tcp_5900_vnc_nmap.xml 192.168.50.46" start="1588262747" startstr="Fri May  1 00:05:47 2020" version="7.80" xmloutputversion="1.04">
<scaninfo type="syn" protocol="tcp" numservices="1" services="5900"/>
<verbose level="2"/>
<debugging level="0"/>
<taskbegin task="NSE" time="1588262755"/>
<taskend task="NSE" time="1588262755"/>
<taskbegin task="NSE" time="1588262755"/>
<taskend task="NSE" time="1588262755"/>
<taskbegin task="NSE" time="1588262755"/>
<taskend task="NSE" time="1588262755"/>
<taskbegin task="Parallel DNS resolution of 1 host." time="1588262755"/>
<taskend task="Parallel DNS resolution of 1 host." time="1588262755"/>
<taskbegin task="SYN Stealth Scan" time="1588262755"/>
<taskend task="SYN Stealth Scan" time="1588262756" extrainfo="1 total ports"/>
<taskbegin task="Service scan" time="1588262758"/>
<taskend task="Service scan" time="1588262759" extrainfo="1 service on 1 host"/>
<taskbegin task="NSE" time="1588262759"/>
<taskend task="NSE" time="1588262761"/>
<taskbegin task="NSE" time="1588262761"/>
<taskend task="NSE" time="1588262779"/>
<taskbegin task="NSE" time="1588262779"/>
<taskend task="NSE" time="1588262781"/>
<host starttime="1588262755" endtime="1588262781"><status state="up" reason="user-set" reason_ttl="0"/>
<address addr="192.168.50.46" addrtype="ipv4"/>
<hostnames>
<hostname name="192.168.50.46" type="PTR"/>
</hostnames>
<ports><port protocol="tcp" portid="5900"><state state="open" reason="syn-ack" reason_ttl="127"/><service name="vnc" product="VNC" extrainfo="protocol 3.8" method="probed" conf="10"/><script id="banner" output="RFB 003.008"/><script id="ssl-ccs-injection" output="ERROR: Script execution failed (use -d to debug)"/><script id="ssl-cert" output="ERROR: Script execution failed (use -d to debug)"/><script id="ssl-date" output="ERROR: Script execution failed (use -d to debug)"/><script id="ssl-dh-params" output="ERROR: Script execution failed (use -d to debug)"/><script id="ssl-heartbleed" output="ERROR: Script execution failed (use -d to debug)"/><script id="ssl-poodle" output="ERROR: Script execution failed (use -d to debug)"/><script id="sslv2" output="ERROR: Script execution failed (use -d to debug)"/><script id="sslv2-drown" output="ERROR: Script execution failed (use -d to debug)"/><script id="vnc-info" output="ERROR: Script execution failed (use -d to debug)"/><script id="vnc-title" output="ERROR: Script execution failed (use -d to debug)"/></port>
</ports>
<times srtt="595881" rttvar="595881" to="2979405"/>
</host>
<taskbegin task="NSE" time="1588262781"/>
<taskend task="NSE" time="1588262781"/>
<taskbegin task="NSE" time="1588262781"/>
<taskend task="NSE" time="1588262781"/>
<taskbegin task="NSE" time="1588262781"/>
<taskend task="NSE" time="1588262781"/>
<runstats><finished time="1588262782" timestr="Fri May  1 00:06:22 2020" elapsed="34.77" summary="Nmap done at Fri May  1 00:06:22 2020; 1 IP address (1 host up) scanned in 34.77 seconds" exit="success"/><hosts up="1" down="0" total="1"/>
</runstats>
</nmaprun>
