<?xml version="1.0" encoding="UTF-8"?>
<!DOCTYPE nmaprun>
<?xml-stylesheet href="file:///usr/bin/../share/nmap/nmap.xsl" type="text/xsl"?>
<!-- Nmap 7.80 scan initiated Fri May  1 00:18:38 2020 as: nmap -vv -&#45;reason -Pn -sV -p 49666 -&#45;script=banner,msrpc-enum,rpc-grind,rpcinfo -oN /root/AutoRecon/results/192.168.50.46/scans/tcp_49666_rpc_nmap.txt -oX /root/AutoRecon/results/192.168.50.46/scans/xml/tcp_49666_rpc_nmap.xml 192.168.50.46 -->
<nmaprun scanner="nmap" args="nmap -vv -&#45;reason -Pn -sV -p 49666 -&#45;script=banner,msrpc-enum,rpc-grind,rpcinfo -oN /root/AutoRecon/results/192.168.50.46/scans/tcp_49666_rpc_nmap.txt -oX /root/AutoRecon/results/192.168.50.46/scans/xml/tcp_49666_rpc_nmap.xml 192.168.50.46" start="1588263518" startstr="Fri May  1 00:18:38 2020" version="7.80" xmloutputversion="1.04">
<scaninfo type="syn" protocol="tcp" numservices="1" services="49666"/>
<verbose level="2"/>
<debugging level="0"/>
<taskbegin task="NSE" time="1588263520"/>
<taskend task="NSE" time="1588263520"/>
<taskbegin task="NSE" time="1588263520"/>
<taskend task="NSE" time="1588263520"/>
<taskbegin task="Parallel DNS resolution of 1 host." time="1588263520"/>
<taskend task="Parallel DNS resolution of 1 host." time="1588263520"/>
<taskbegin task="SYN Stealth Scan" time="1588263520"/>
<taskend task="SYN Stealth Scan" time="1588263521" extrainfo="1 total ports"/>
<taskbegin task="Service scan" time="1588263521"/>
<taskend task="Service scan" time="1588263581" extrainfo="1 service on 1 host"/>
<taskbegin task="NSE" time="1588263581"/>
<taskend task="NSE" time="1588263596"/>
<taskbegin task="NSE" time="1588263596"/>
<taskend task="NSE" time="1588263596"/>
<host starttime="1588263520" endtime="1588263596"><status state="up" reason="user-set" reason_ttl="0"/>
<address addr="192.168.50.46" addrtype="ipv4"/>
<hostnames>
<hostname name="192.168.50.46" type="PTR"/>
</hostnames>
<ports><port protocol="tcp" portid="49666"><state state="open" reason="syn-ack" reason_ttl="127"/><service name="msrpc" product="Microsoft Windows RPC" ostype="Windows" method="probed" conf="10"><cpe>cpe:/o:microsoft:windows</cpe></service></port>
</ports>
<times srtt="353858" rttvar="353858" to="1769290"/>
</host>
<taskbegin task="NSE" time="1588263596"/>
<taskend task="NSE" time="1588263596"/>
<taskbegin task="NSE" time="1588263596"/>
<taskend task="NSE" time="1588263596"/>
<runstats><finished time="1588263596" timestr="Fri May  1 00:19:56 2020" elapsed="78.77" summary="Nmap done at Fri May  1 00:19:56 2020; 1 IP address (1 host up) scanned in 78.77 seconds" exit="success"/><hosts up="1" down="0" total="1"/>
</runstats>
</nmaprun>
