<?xml version="1.0" encoding="UTF-8"?>
<!DOCTYPE nmaprun>
<?xml-stylesheet href="file:///usr/bin/../share/nmap/nmap.xsl" type="text/xsl"?>
<!-- Nmap 7.80 scan initiated Fri May  1 00:03:53 2020 as: nmap -vv -&#45;reason -Pn -sV -p 443 &quot;-&#45;script=banner,(http* or ssl*) and not (brute or broadcast or dos or external or http-slowloris* or fuzzer)&quot; -oN /root/AutoRecon/results/192.168.50.46/scans/tcp_443_http_nmap.txt -oX /root/AutoRecon/results/192.168.50.46/scans/xml/tcp_443_https_nmap.xml 192.168.50.46 -->
<nmaprun scanner="nmap" args="nmap -vv -&#45;reason -Pn -sV -p 443 &quot;-&#45;script=banner,(http* or ssl*) and not (brute or broadcast or dos or external or http-slowloris* or fuzzer)&quot; -oN /root/AutoRecon/results/192.168.50.46/scans/tcp_443_http_nmap.txt -oX /root/AutoRecon/results/192.168.50.46/scans/xml/tcp_443_https_nmap.xml 192.168.50.46" start="1588262633" startstr="Fri May  1 00:03:53 2020" version="7.80" xmloutputversion="1.04">
<scaninfo type="syn" protocol="tcp" numservices="1" services="443"/>
<verbose level="2"/>
<debugging level="0"/>
<taskbegin task="NSE" time="1588262642"/>
<taskend task="NSE" time="1588262642"/>
<taskbegin task="NSE" time="1588262642"/>
<taskend task="NSE" time="1588262642"/>
<taskbegin task="NSE" time="1588262642"/>
<taskend task="NSE" time="1588262642"/>
<taskbegin task="Parallel DNS resolution of 1 host." time="1588262642"/>
<taskend task="Parallel DNS resolution of 1 host." time="1588262642"/>
<taskbegin task="SYN Stealth Scan" time="1588262642"/>
<taskend task="SYN Stealth Scan" time="1588262643" extrainfo="1 total ports"/>
<taskbegin task="Service scan" time="1588262646"/>
<taskend task="Service scan" time="1588262664" extrainfo="1 service on 1 host"/>
<taskbegin task="NSE" time="1588262664"/>
