<?xml version="1.0" encoding="UTF-8"?>
<!DOCTYPE nmaprun>
<?xml-stylesheet href="file:///usr/bin/../share/nmap/nmap.xsl" type="text/xsl"?>
<!-- Nmap 7.80 scan initiated Fri May  1 00:04:18 2020 as: nmap -vv -&#45;reason -Pn -sV -p 445 &quot;-&#45;script=banner,(nbstat or smb* or ssl*) and not (brute or broadcast or dos or external or fuzzer)&quot; -&#45;script-args=unsafe=1 -oN /root/AutoRecon/results/192.168.50.46/scans/tcp_445_smb_nmap.txt -oX /root/AutoRecon/results/192.168.50.46/scans/xml/tcp_445_smb_nmap.xml 192.168.50.46 -->
<nmaprun scanner="nmap" args="nmap -vv -&#45;reason -Pn -sV -p 445 &quot;-&#45;script=banner,(nbstat or smb* or ssl*) and not (brute or broadcast or dos or external or fuzzer)&quot; -&#45;script-args=unsafe=1 -oN /root/AutoRecon/results/192.168.50.46/scans/tcp_445_smb_nmap.txt -oX /root/AutoRecon/results/192.168.50.46/scans/xml/tcp_445_smb_nmap.xml 192.168.50.46" start="1588262658" startstr="Fri May  1 00:04:18 2020" version="7.80" xmloutputversion="1.04">
<scaninfo type="syn" protocol="tcp" numservices="1" services="445"/>
<verbose level="2"/>
<debugging level="0"/>
<taskbegin task="NSE" time="1588262667"/>
<taskend task="NSE" time="1588262667"/>
<taskbegin task="NSE" time="1588262667"/>
<taskend task="NSE" time="1588262667"/>
<taskbegin task="NSE" time="1588262667"/>
<taskend task="NSE" time="1588262667"/>
<taskbegin task="Parallel DNS resolution of 1 host." time="1588262668"/>
<taskend task="Parallel DNS resolution of 1 host." time="1588262668"/>
<taskbegin task="SYN Stealth Scan" time="1588262668"/>
<taskend task="SYN Stealth Scan" time="1588262668" extrainfo="1 total ports"/>
<taskbegin task="Service scan" time="1588262671"/>
<taskend task="Service scan" time="1588262701" extrainfo="1 service on 1 host"/>
<taskbegin task="NSE" time="1588262701"/>
<taskprogress task="NSE" time="1588262732" percent="94.29" remaining="2" etc="1588262734"/>
<taskend task="NSE" time="1588262745"/>
<taskbegin task="NSE" time="1588262745"/>
<taskend task="NSE" time="1588262748"/>
<taskbegin task="NSE" time="1588262748"/>
<taskend task="NSE" time="1588262748"/>
<host starttime="1588262668" endtime="1588262748"><status state="up" reason="user-set" reason_ttl="0"/>
<address addr="192.168.50.46" addrtype="ipv4"/>
<hostnames>
<hostname name="192.168.50.46" type="PTR"/>
</hostnames>
<ports><port protocol="tcp" portid="445"><state state="open" reason="syn-ack" reason_ttl="127"/><service name="microsoft-ds" method="table" conf="3"/><script id="smb-enum-services" output="ERROR: Script execution failed (use -d to debug)"/></port>
</ports>
<hostscript><script id="smb-mbenum" output="&#xa;  ERROR: Failed to connect to browser service: Could not negotiate a connection:SMB: Failed to receive bytes: ERROR"/><script id="smb-print-text" output="false">false</script><script id="smb-protocols" output="&#xa;  dialects: &#xa;    2.02&#xa;    2.10&#xa;    3.00&#xa;    3.02&#xa;    3.11"><table key="dialects">
<elem>2.02</elem>
<elem>2.10</elem>
<elem>3.00</elem>
<elem>3.02</elem>
<elem>3.11</elem>
</table>
</script><script id="smb-vuln-ms10-061" output="Could not negotiate a connection:SMB: Failed to receive bytes: ERROR">false</script><script id="smb2-capabilities" output="&#xa;  2.02: &#xa;    Distributed File System&#xa;  2.10: &#xa;    Distributed File System&#xa;    Leasing&#xa;    Multi-credit operations&#xa;  3.00: &#xa;    Distributed File System&#xa;    Leasing&#xa;    Multi-credit operations&#xa;  3.02: &#xa;    Distributed File System&#xa;    Leasing&#xa;    Multi-credit operations&#xa;  3.11: &#xa;    Distributed File System&#xa;    Leasing&#xa;    Multi-credit operations"><table key="2.02">
<elem>Distributed File System</elem>
</table>
<table key="2.10">
<elem>Distributed File System</elem>
<elem>Leasing</elem>
<elem>Multi-credit operations</elem>
</table>
<table key="3.00">
<elem>Distributed File System</elem>
<elem>Leasing</elem>
<elem>Multi-credit operations</elem>
</table>
<table key="3.02">
<elem>Distributed File System</elem>
<elem>Leasing</elem>
<elem>Multi-credit operations</elem>
</table>
<table key="3.11">
<elem>Distributed File System</elem>
<elem>Leasing</elem>
<elem>Multi-credit operations</elem>
</table>
</script><script id="smb2-security-mode" output="&#xa;  2.02: &#xa;    Message signing enabled but not required"><table key="2.02">
<elem>Message signing enabled but not required</elem>
</table>
</script><script id="smb2-time" output="&#xa;  date: 2020-04-30T16:05:30&#xa;  start_date: N/A"><elem key="date">2020-04-30T16:05:30</elem>
<elem key="start_date">N/A</elem>
</script></hostscript><times srtt="531088" rttvar="531088" to="2655440"/>
</host>
<taskbegin task="NSE" time="1588262748"/>
<taskend task="NSE" time="1588262748"/>
<taskbegin task="NSE" time="1588262748"/>
<taskend task="NSE" time="1588262748"/>
<taskbegin task="NSE" time="1588262748"/>
<taskend task="NSE" time="1588262748"/>
<runstats><finished time="1588262748" timestr="Fri May  1 00:05:48 2020" elapsed="90.82" summary="Nmap done at Fri May  1 00:05:48 2020; 1 IP address (1 host up) scanned in 90.82 seconds" exit="success"/><hosts up="1" down="0" total="1"/>
</runstats>
</nmaprun>
