<?xml version="1.0" encoding="UTF-8"?>
<!DOCTYPE nmaprun>
<?xml-stylesheet href="file:///usr/bin/../share/nmap/nmap.xsl" type="text/xsl"?>
<!-- Nmap 7.80 scan initiated Fri May  1 00:05:28 2020 as: nmap -vv -&#45;reason -Pn -sV -p 5800 &quot;-&#45;script=banner,(vnc* or realvnc* or ssl*) and not (brute or broadcast or dos or external or fuzzer)&quot; -&#45;script-args=unsafe=1 -oN /root/AutoRecon/results/192.168.50.46/scans/tcp_5800_vnc_nmap.txt -oX /root/AutoRecon/results/192.168.50.46/scans/xml/tcp_5800_vnc_nmap.xml 192.168.50.46 -->
<nmaprun scanner="nmap" args="nmap -vv -&#45;reason -Pn -sV -p 5800 &quot;-&#45;script=banner,(vnc* or realvnc* or ssl*) and not (brute or broadcast or dos or external or fuzzer)&quot; -&#45;script-args=unsafe=1 -oN /root/AutoRecon/results/192.168.50.46/scans/tcp_5800_vnc_nmap.txt -oX /root/AutoRecon/results/192.168.50.46/scans/xml/tcp_5800_vnc_nmap.xml 192.168.50.46" start="1588262728" startstr="Fri May  1 00:05:28 2020" version="7.80" xmloutputversion="1.04">
<scaninfo type="syn" protocol="tcp" numservices="1" services="5800"/>
<verbose level="2"/>
<debugging level="0"/>
<taskbegin task="NSE" time="1588262735"/>
<taskend task="NSE" time="1588262735"/>
<taskbegin task="NSE" time="1588262735"/>
<taskend task="NSE" time="1588262735"/>
<taskbegin task="NSE" time="1588262735"/>
<taskend task="NSE" time="1588262735"/>
<taskbegin task="Parallel DNS resolution of 1 host." time="1588262735"/>
<taskend task="Parallel DNS resolution of 1 host." time="1588262735"/>
<taskbegin task="SYN Stealth Scan" time="1588262735"/>
<taskend task="SYN Stealth Scan" time="1588262736" extrainfo="1 total ports"/>
<taskbegin task="Service scan" time="1588262738"/>
<taskend task="Service scan" time="1588262744" extrainfo="1 service on 1 host"/>
<taskbegin task="NSE" time="1588262744"/>
<taskend task="NSE" time="1588262760"/>
<taskbegin task="NSE" time="1588262760"/>
<taskend task="NSE" time="1588262762"/>
<taskbegin task="NSE" time="1588262762"/>
<taskend task="NSE" time="1588262762"/>
<host starttime="1588262735" endtime="1588262762"><status state="up" reason="user-set" reason_ttl="0"/>
<address addr="192.168.50.46" addrtype="ipv4"/>
<hostnames>
<hostname name="192.168.50.46" type="PTR"/>
</hostnames>
<ports><port protocol="tcp" portid="5800"><state state="open" reason="syn-ack" reason_ttl="127"/><service name="vnc-http" product="TightVNC" extrainfo="user: socket; VNC TCP port: 5900" method="probed" conf="10"><cpe>cpe:/a:tightvnc:tightvnc</cpe></service></port>
</ports>
<times srtt="493590" rttvar="493590" to="2467950"/>
</host>
<taskbegin task="NSE" time="1588262762"/>
<taskend task="NSE" time="1588262762"/>
<taskbegin task="NSE" time="1588262762"/>
<taskend task="NSE" time="1588262762"/>
<taskbegin task="NSE" time="1588262762"/>
<taskend task="NSE" time="1588262762"/>
<runstats><finished time="1588262762" timestr="Fri May  1 00:06:02 2020" elapsed="33.83" summary="Nmap done at Fri May  1 00:06:02 2020; 1 IP address (1 host up) scanned in 33.83 seconds" exit="success"/><hosts up="1" down="0" total="1"/>
</runstats>
</nmaprun>
