<?xml version="1.0" encoding="UTF-8"?>
<!DOCTYPE nmaprun>
<?xml-stylesheet href="file:///usr/bin/../share/nmap/nmap.xsl" type="text/xsl"?>
<!-- Nmap 7.80 scan initiated Fri May  1 00:03:08 2020 as: nmap -vv -&#45;reason -Pn -sV -p 135 -&#45;script=banner,msrpc-enum,rpc-grind,rpcinfo -oN /root/AutoRecon/results/192.168.50.46/scans/tcp_135_rpc_nmap.txt -oX /root/AutoRecon/results/192.168.50.46/scans/xml/tcp_135_rpc_nmap.xml 192.168.50.46 -->
<nmaprun scanner="nmap" args="nmap -vv -&#45;reason -Pn -sV -p 135 -&#45;script=banner,msrpc-enum,rpc-grind,rpcinfo -oN /root/AutoRecon/results/192.168.50.46/scans/tcp_135_rpc_nmap.txt -oX /root/AutoRecon/results/192.168.50.46/scans/xml/tcp_135_rpc_nmap.xml 192.168.50.46" start="1588262588" startstr="Fri May  1 00:03:08 2020" version="7.80" xmloutputversion="1.04">
<scaninfo type="syn" protocol="tcp" numservices="1" services="135"/>
<verbose level="2"/>
<debugging level="0"/>
<taskbegin task="NSE" time="1588262603"/>
<taskend task="NSE" time="1588262603"/>
<taskbegin task="NSE" time="1588262603"/>
<taskend task="NSE" time="1588262603"/>
<taskbegin task="Parallel DNS resolution of 1 host." time="1588262603"/>
<taskend task="Parallel DNS resolution of 1 host." time="1588262609"/>
<taskbegin task="SYN Stealth Scan" time="1588262610"/>
<taskend task="SYN Stealth Scan" time="1588262610" extrainfo="1 total ports"/>
<taskbegin task="Service scan" time="1588262612"/>
<taskend task="Service scan" time="1588262621" extrainfo="1 service on 1 host"/>
<taskbegin task="NSE" time="1588262621"/>
<taskend task="NSE" time="1588262637"/>
<taskbegin task="NSE" time="1588262637"/>
<taskend task="NSE" time="1588262637"/>
<host starttime="1588262610" endtime="1588262637"><status state="up" reason="user-set" reason_ttl="0"/>
<address addr="192.168.50.46" addrtype="ipv4"/>
<hostnames>
<hostname name="192.168.50.46" type="PTR"/>
</hostnames>
<ports><port protocol="tcp" portid="135"><state state="open" reason="syn-ack" reason_ttl="127"/><service name="msrpc" product="Microsoft Windows RPC" ostype="Windows" method="probed" conf="10"><cpe>cpe:/o:microsoft:windows</cpe></service></port>
</ports>
<times srtt="294943" rttvar="294943" to="1474715"/>
</host>
<taskbegin task="NSE" time="1588262637"/>
<taskend task="NSE" time="1588262637"/>
<taskbegin task="NSE" time="1588262637"/>
<taskend task="NSE" time="1588262637"/>
<runstats><finished time="1588262637" timestr="Fri May  1 00:03:57 2020" elapsed="50.39" summary="Nmap done at Fri May  1 00:03:57 2020; 1 IP address (1 host up) scanned in 50.39 seconds" exit="success"/><hosts up="1" down="0" total="1"/>
</runstats>
</nmaprun>
