<?xml version="1.0" encoding="UTF-8"?>
<!DOCTYPE nmaprun>
<?xml-stylesheet href="file:///usr/bin/../share/nmap/nmap.xsl" type="text/xsl"?>
<!-- Nmap 7.80 scan initiated Thu Apr 30 23:55:04 2020 as: nmap -vv -&#45;reason -Pn -A -&#45;osscan-guess -&#45;version-all -p- -oN /root/AutoRecon/results/192.168.50.153/scans/_full_tcp_nmap.txt -oX /root/AutoRecon/results/192.168.50.153/scans/xml/_full_tcp_nmap.xml 192.168.50.153 -->
<nmaprun scanner="nmap" args="nmap -vv -&#45;reason -Pn -A -&#45;osscan-guess -&#45;version-all -p- -oN /root/AutoRecon/results/192.168.50.153/scans/_full_tcp_nmap.txt -oX /root/AutoRecon/results/192.168.50.153/scans/xml/_full_tcp_nmap.xml 192.168.50.153" start="1588262104" startstr="Thu Apr 30 23:55:04 2020" version="7.80" xmloutputversion="1.04">
<scaninfo type="syn" protocol="tcp" numservices="65535" services="1-65535"/>
<verbose level="2"/>
<debugging level="0"/>
<taskbegin task="NSE" time="1588262109"/>
<taskend task="NSE" time="1588262109"/>
<taskbegin task="NSE" time="1588262109"/>
<taskend task="NSE" time="1588262109"/>
<taskbegin task="NSE" time="1588262109"/>
<taskend task="NSE" time="1588262109"/>
<taskbegin task="Parallel DNS resolution of 1 host." time="1588262109"/>
<taskend task="Parallel DNS resolution of 1 host." time="1588262109"/>
<taskbegin task="SYN Stealth Scan" time="1588262109"/>
<taskprogress task="SYN Stealth Scan" time="1588262140" percent="5.77" remaining="506" etc="1588262646"/>
<taskprogress task="SYN Stealth Scan" time="1588262170" percent="6.52" remaining="875" etc="1588263045"/>
<taskprogress task="SYN Stealth Scan" time="1588262200" percent="6.80" remaining="1248" etc="1588263448"/>
<taskprogress task="SYN Stealth Scan" time="1588262230" percent="7.29" remaining="1539" etc="1588263768"/>
<taskprogress task="SYN Stealth Scan" time="1588262260" percent="6.78" remaining="2077" etc="1588264336"/>
<taskprogress task="SYN Stealth Scan" time="1588262290" percent="6.78" remaining="2490" etc="1588264780"/>
<taskprogress task="SYN Stealth Scan" time="1588262320" percent="7.03" remaining="2790" etc="1588265109"/>
<taskprogress task="SYN Stealth Scan" time="1588262350" percent="7.31" remaining="3057" etc="1588265407"/>
<taskprogress task="SYN Stealth Scan" time="1588262380" percent="7.64" remaining="3277" etc="1588265656"/>
<taskprogress task="SYN Stealth Scan" time="1588262413" percent="8.05" remaining="3475" etc="1588265888"/>
<taskprogress task="SYN Stealth Scan" time="1588262446" percent="8.41" remaining="3669" etc="1588266114"/>
<taskprogress task="SYN Stealth Scan" time="1588262509" percent="9.37" remaining="3871" etc="1588266379"/>
<taskprogress task="SYN Stealth Scan" time="1588262599" percent="10.71" remaining="4085" etc="1588266683"/>
<taskprogress task="SYN Stealth Scan" time="1588262674" percent="11.56" remaining="4322" etc="1588266995"/>
<taskprogress task="SYN Stealth Scan" time="1588262788" percent="12.90" remaining="4584" etc="1588267371"/>
<taskprogress task="SYN Stealth Scan" time="1588262821" percent="12.81" remaining="4849" etc="1588267669"/>
<taskprogress task="SYN Stealth Scan" time="1588262872" percent="12.94" remaining="5133" etc="1588268004"/>
<taskprogress task="SYN Stealth Scan" time="1588262974" percent="13.75" remaining="5428" etc="1588268401"/>
<taskprogress task="SYN Stealth Scan" time="1588263166" percent="15.54" remaining="5744" etc="1588268909"/>
<taskprogress task="SYN Stealth Scan" time="1588263493" percent="18.53" remaining="6085" etc="1588269577"/>
<taskprogress task="SYN Stealth Scan" time="1588263784" percent="20.57" remaining="6467" etc="1588270251"/>
<taskprogress task="SYN Stealth Scan" time="1588263949" percent="21.11" remaining="6878" etc="1588270826"/>
<taskprogress task="SYN Stealth Scan" time="1588264195" percent="22.17" remaining="7322" etc="1588271516"/>
<taskprogress task="SYN Stealth Scan" time="1588264543" percent="23.79" remaining="7799" etc="1588272342"/>
<taskprogress task="SYN Stealth Scan" time="1588265020" percent="25.92" remaining="8319" etc="1588273338"/>
<taskprogress task="SYN Stealth Scan" time="1588265200" percent="25.82" remaining="8881" etc="1588274080"/>
<taskprogress task="SYN Stealth Scan" time="1588265467" percent="26.15" remaining="9485" etc="1588274952"/>
<taskprogress task="SYN Stealth Scan" time="1588265749" percent="26.43" remaining="10131" etc="1588275879"/>
<taskprogress task="SYN Stealth Scan" time="1588266082" percent="26.85" remaining="10826" etc="1588276908"/>
<taskprogress task="SYN Stealth Scan" time="1588266448" percent="27.27" remaining="11572" etc="1588278020"/>
<taskprogress task="SYN Stealth Scan" time="1588266847" percent="27.69" remaining="12372" etc="1588279218"/>
<taskprogress task="SYN Stealth Scan" time="1588267318" percent="28.25" remaining="13233" etc="1588280551"/>
<taskprogress task="SYN Stealth Scan" time="1588267873" percent="28.93" remaining="14158" etc="1588282031"/>
<taskprogress task="SYN Stealth Scan" time="1588268494" percent="29.64" remaining="15161" etc="1588283654"/>
<taskprogress task="SYN Stealth Scan" time="1588269229" percent="30.48" remaining="16239" etc="1588285468"/>
<taskprogress task="SYN Stealth Scan" time="1588270144" percent="31.58" remaining="17408" etc="1588287552"/>
<taskprogress task="SYN Stealth Scan" time="1588271062" percent="32.40" remaining="18681" etc="1588289743"/>
<taskprogress task="SYN Stealth Scan" time="1588271926" percent="32.85" remaining="20066" etc="1588291991"/>
<taskprogress task="SYN Stealth Scan" time="1588272706" percent="32.95" remaining="21564" etc="1588294270"/>
<taskprogress task="SYN Stealth Scan" time="1588273552" percent="33.06" remaining="23174" etc="1588296725"/>
<taskprogress task="SYN Stealth Scan" time="1588274477" percent="33.18" remaining="24905" etc="1588299382"/>
<taskprogress task="SYN Stealth Scan" time="1588275489" percent="33.32" remaining="26774" etc="1588302262"/>
<taskprogress task="SYN Stealth Scan" time="1588276591" percent="33.47" remaining="28781" etc="1588305372"/>
<taskprogress task="SYN Stealth Scan" time="1588277798" percent="33.64" remaining="30947" etc="1588308745"/>
<taskprogress task="SYN Stealth Scan" time="1588279119" percent="33.82" remaining="33280" etc="1588312399"/>
<taskprogress task="SYN Stealth Scan" time="1588280569" percent="34.02" remaining="35795" etc="1588316364"/>
<taskprogress task="SYN Stealth Scan" time="1588282165" percent="34.25" remaining="38510" etc="1588320675"/>
<taskprogress task="SYN Stealth Scan" time="1588283925" percent="34.49" remaining="41440" etc="1588325365"/>
