<?xml version="1.0" encoding="UTF-8"?>
<!DOCTYPE nmaprun>
<?xml-stylesheet href="file:///usr/bin/../share/nmap/nmap.xsl" type="text/xsl"?>
<!-- Nmap 7.80 scan initiated Thu Apr 30 23:55:04 2020 as: nmap -vv -&#45;reason -Pn -sU -A -&#45;top-ports=20 -&#45;version-all -oN /root/AutoRecon/results/192.168.50.153/scans/_top_20_udp_nmap.txt -oX /root/AutoRecon/results/192.168.50.153/scans/xml/_top_20_udp_nmap.xml 192.168.50.153 -->
<nmaprun scanner="nmap" args="nmap -vv -&#45;reason -Pn -sU -A -&#45;top-ports=20 -&#45;version-all -oN /root/AutoRecon/results/192.168.50.153/scans/_top_20_udp_nmap.txt -oX /root/AutoRecon/results/192.168.50.153/scans/xml/_top_20_udp_nmap.xml 192.168.50.153" start="1588262104" startstr="Thu Apr 30 23:55:04 2020" version="7.80" xmloutputversion="1.04">
<scaninfo type="udp" protocol="udp" numservices="20" services="53,67-69,123,135,137-139,161-162,445,500,514,520,631,1434,1900,4500,49152"/>
<verbose level="2"/>
<debugging level="0"/>
<taskbegin task="NSE" time="1588262108"/>
<taskend task="NSE" time="1588262108"/>
<taskbegin task="NSE" time="1588262108"/>
<taskend task="NSE" time="1588262108"/>
<taskbegin task="NSE" time="1588262108"/>
<taskend task="NSE" time="1588262108"/>
<taskbegin task="Parallel DNS resolution of 1 host." time="1588262108"/>
<taskend task="Parallel DNS resolution of 1 host." time="1588262108"/>
<taskbegin task="UDP Scan" time="1588262108"/>
<taskend task="UDP Scan" time="1588262131" extrainfo="20 total ports"/>
<taskbegin task="Service scan" time="1588262132"/>
<taskend task="Service scan" time="1588262375" extrainfo="2 services on 1 host"/>
<taskbegin task="Traceroute" time="1588262390"/>
<taskend task="Traceroute" time="1588262390"/>
<taskbegin task="Parallel DNS resolution of 2 hosts." time="1588262390"/>
<taskend task="Parallel DNS resolution of 2 hosts." time="1588262390"/>
<taskbegin task="NSE" time="1588262390"/>
<taskend task="NSE" time="1588262408"/>
<taskbegin task="NSE" time="1588262408"/>
<taskend task="NSE" time="1588262411"/>
<taskbegin task="NSE" time="1588262411"/>
<taskend task="NSE" time="1588262411"/>
<host starttime="1588262108" endtime="1588262411"><status state="up" reason="user-set" reason_ttl="0"/>
<address addr="192.168.50.153" addrtype="ipv4"/>
<hostnames>
<hostname name="192.168.50.153" type="PTR"/>
</hostnames>
<ports><port protocol="udp" portid="53"><state state="closed" reason="port-unreach" reason_ttl="63"/><service name="domain" method="table" conf="3"/></port>
<port protocol="udp" portid="67"><state state="closed" reason="port-unreach" reason_ttl="63"/><service name="dhcps" method="table" conf="3"/></port>
<port protocol="udp" portid="68"><state state="closed" reason="port-unreach" reason_ttl="63"/><service name="dhcpc" method="table" conf="3"/></port>
<port protocol="udp" portid="69"><state state="closed" reason="port-unreach" reason_ttl="63"/><service name="tftp" method="table" conf="3"/></port>
<port protocol="udp" portid="123"><state state="open" reason="udp-response" reason_ttl="63"/><service name="ntp" product="NTP" version="v4" extrainfo="unsynchronized" method="probed" conf="10"/><script id="ntp-info" output="&#xa;  receive time stamp: 2020-04-30T15:59:57"><elem key="receive time stamp">2020-04-30T15:59:57</elem>
</script></port>
<port protocol="udp" portid="135"><state state="closed" reason="port-unreach" reason_ttl="63"/><service name="msrpc" method="table" conf="3"/></port>
<port protocol="udp" portid="137"><state state="closed" reason="port-unreach" reason_ttl="63"/><service name="netbios-ns" method="table" conf="3"/></port>
<port protocol="udp" portid="138"><state state="closed" reason="port-unreach" reason_ttl="63"/><service name="netbios-dgm" method="table" conf="3"/></port>
<port protocol="udp" portid="139"><state state="closed" reason="port-unreach" reason_ttl="63"/><service name="netbios-ssn" method="table" conf="3"/></port>
<port protocol="udp" portid="161"><state state="closed" reason="port-unreach" reason_ttl="63"/><service name="snmp" method="table" conf="3"/></port>
<port protocol="udp" portid="162"><state state="closed" reason="port-unreach" reason_ttl="63"/><service name="snmptrap" method="table" conf="3"/></port>
<port protocol="udp" portid="445"><state state="closed" reason="port-unreach" reason_ttl="63"/><service name="microsoft-ds" method="table" conf="3"/></port>
<port protocol="udp" portid="500"><state state="closed" reason="port-unreach" reason_ttl="63"/><service name="isakmp" method="table" conf="3"/></port>
<port protocol="udp" portid="514"><state state="closed" reason="port-unreach" reason_ttl="63"/><service name="syslog" method="table" conf="3"/></port>
<port protocol="udp" portid="520"><state state="closed" reason="port-unreach" reason_ttl="63"/><service name="route" method="table" conf="3"/></port>
<port protocol="udp" portid="631"><state state="open|filtered" reason="no-response" reason_ttl="0"/><service name="ipp" method="table" conf="3"/></port>
<port protocol="udp" portid="1434"><state state="closed" reason="port-unreach" reason_ttl="63"/><service name="ms-sql-m" method="table" conf="3"/></port>
<port protocol="udp" portid="1900"><state state="closed" reason="port-unreach" reason_ttl="63"/><service name="upnp" method="table" conf="3"/></port>
<port protocol="udp" portid="4500"><state state="closed" reason="port-unreach" reason_ttl="63"/><service name="nat-t-ike" method="table" conf="3"/></port>
<port protocol="udp" portid="49152"><state state="closed" reason="port-unreach" reason_ttl="63"/><service name="unknown" method="table" conf="3"/></port>
</ports>
<os><portused state="closed" proto="udp" portid="53"/>
<osfingerprint fingerprint="SCAN(V=7.80%E=4%D=5/1%OT=%CT=%CU=53%PV=Y%DS=2%DC=T%G=N%TM=5EAAF60B%P=i686-pc-linux-gnu)&#xa;SEQ(II=I)&#xa;T5(R=Y%DF=Y%T=40%W=0%S=Z%A=S+%F=AR%O=%RD=0%Q=)&#xa;U1(R=Y%DF=N%T=40%IPL=164%UN=0%RIPL=G%RID=G%RIPCK=G%RUCK=G%RUD=G)&#xa;IE(R=Y%DFI=N%T=40%CD=S)&#xa;"/>
</os>
<distance value="2"/>
<hostscript><script id="clock-skew" output="5s"><elem key="median">5</elem>
<elem key="stddev">0</elem>
<elem key="count">1</elem>
<elem key="mean">5</elem>
</script></hostscript><trace port="445" proto="udp">
<hop ttl="1" ipaddr="192.168.19.1" rtt="322.33" host="192.168.19.1"/>
<hop ttl="2" ipaddr="192.168.50.153" rtt="314.34" host="192.168.50.153"/>
</trace>
<times srtt="421042" rttvar="203899" to="1236638"/>
</host>
<taskbegin task="NSE" time="1588262411"/>
<taskend task="NSE" time="1588262411"/>
<taskbegin task="NSE" time="1588262411"/>
<taskend task="NSE" time="1588262411"/>
<taskbegin task="NSE" time="1588262411"/>
<taskend task="NSE" time="1588262411"/>
<runstats><finished time="1588262411" timestr="Fri May  1 00:00:11 2020" elapsed="312.69" summary="Nmap done at Fri May  1 00:00:11 2020; 1 IP address (1 host up) scanned in 312.69 seconds" exit="success"/><hosts up="1" down="0" total="1"/>
</runstats>
</nmaprun>
