<?xml version="1.0" encoding="UTF-8"?>
<!DOCTYPE nmaprun>
<?xml-stylesheet href="file:///usr/bin/../share/nmap/nmap.xsl" type="text/xsl"?>
<!-- Nmap 7.80 scan initiated Thu Apr 30 23:57:15 2020 as: nmap -vv -&#45;reason -Pn -sV -p 443 &quot;-&#45;script=banner,(http* or ssl*) and not (brute or broadcast or dos or external or http-slowloris* or fuzzer)&quot; -oN /root/AutoRecon/results/192.168.50.153/scans/tcp_443_http_nmap.txt -oX /root/AutoRecon/results/192.168.50.153/scans/xml/tcp_443_https_nmap.xml 192.168.50.153 -->
<nmaprun scanner="nmap" args="nmap -vv -&#45;reason -Pn -sV -p 443 &quot;-&#45;script=banner,(http* or ssl*) and not (brute or broadcast or dos or external or http-slowloris* or fuzzer)&quot; -oN /root/AutoRecon/results/192.168.50.153/scans/tcp_443_http_nmap.txt -oX /root/AutoRecon/results/192.168.50.153/scans/xml/tcp_443_https_nmap.xml 192.168.50.153" start="1588262235" startstr="Thu Apr 30 23:57:15 2020" version="7.80" xmloutputversion="1.04">
<scaninfo type="syn" protocol="tcp" numservices="1" services="443"/>
<verbose level="2"/>
<debugging level="0"/>
<taskbegin task="NSE" time="1588262255"/>
<taskend task="NSE" time="1588262255"/>
<taskbegin task="NSE" time="1588262255"/>
<taskend task="NSE" time="1588262255"/>
<taskbegin task="NSE" time="1588262255"/>
<taskend task="NSE" time="1588262255"/>
<taskbegin task="Parallel DNS resolution of 1 host." time="1588262256"/>
<taskend task="Parallel DNS resolution of 1 host." time="1588262256"/>
<taskbegin task="SYN Stealth Scan" time="1588262256"/>
<taskend task="SYN Stealth Scan" time="1588262257" extrainfo="1 total ports"/>
<taskbegin task="Service scan" time="1588262262"/>
<taskend task="Service scan" time="1588262281" extrainfo="1 service on 1 host"/>
<taskbegin task="NSE" time="1588262281"/>
<taskprogress task="NSE" time="1588262315" percent="19.93" remaining="137" etc="1588262452"/>
<taskprogress task="NSE" time="1588262346" percent="32.88" remaining="133" etc="1588262479"/>
<taskprogress task="NSE" time="1588262380" percent="47.97" remaining="108" etc="1588262487"/>
<taskprogress task="NSE" time="1588262410" percent="57.43" remaining="96" etc="1588262506"/>
<taskprogress task="NSE" time="1588262440" percent="70.10" remaining="68" etc="1588262508"/>
<taskprogress task="NSE" time="1588262470" percent="83.50" remaining="38" etc="1588262507"/>
<taskprogress task="NSE" time="1588262502" percent="85.15" remaining="39" etc="1588262541"/>
<taskprogress task="NSE" time="1588262534" percent="85.86" remaining="42" etc="1588262576"/>
<taskprogress task="NSE" time="1588262564" percent="86.18" remaining="46" etc="1588262609"/>
<taskprogress task="NSE" time="1588262595" percent="92.43" remaining="26" etc="1588262621"/>
<taskprogress task="NSE" time="1588262628" percent="92.76" remaining="28" etc="1588262655"/>
<taskprogress task="NSE" time="1588262658" percent="94.41" remaining="23" etc="1588262680"/>
<taskprogress task="NSE" time="1588262689" percent="96.38" remaining="16" etc="1588262704"/>
<taskprogress task="NSE" time="1588262719" percent="97.05" remaining="14" etc="1588262732"/>
<taskprogress task="NSE" time="1588262749" percent="97.38" remaining="13" etc="1588262762"/>
<taskprogress task="NSE" time="1588262779" percent="97.71" remaining="12" etc="1588262791"/>
<taskprogress task="NSE" time="1588262809" percent="97.71" remaining="13" etc="1588262821"/>
<taskprogress task="NSE" time="1588262839" percent="98.37" remaining="10" etc="1588262848"/>
<taskprogress task="NSE" time="1588262869" percent="98.37" remaining="10" etc="1588262879"/>
<taskprogress task="NSE" time="1588262899" percent="98.37" remaining="11" etc="1588262909"/>
<taskprogress task="NSE" time="1588262929" percent="99.02" remaining="7" etc="1588262935"/>
<taskprogress task="NSE" time="1588262959" percent="99.35" remaining="5" etc="1588262963"/>
<taskprogress task="NSE" time="1588262989" percent="99.67" remaining="3" etc="1588262991"/>
<taskprogress task="NSE" time="1588263019" percent="99.67" remaining="3" etc="1588263021"/>
<taskprogress task="NSE" time="1588263049" percent="99.67" remaining="3" etc="1588263052"/>
<taskprogress task="NSE" time="1588263079" percent="99.67" remaining="3" etc="1588263082"/>
<taskprogress task="NSE" time="1588263109" percent="99.67" remaining="3" etc="1588263112"/>
<taskprogress task="NSE" time="1588263139" percent="99.67" remaining="3" etc="1588263142"/>
<taskprogress task="NSE" time="1588263169" percent="99.67" remaining="3" etc="1588263172"/>
<taskprogress task="NSE" time="1588263199" percent="99.67" remaining="4" etc="1588263202"/>
<taskprogress task="NSE" time="1588263229" percent="99.67" remaining="4" etc="1588263232"/>
<taskprogress task="NSE" time="1588263259" percent="99.67" remaining="4" etc="1588263262"/>
<taskprogress task="NSE" time="1588263289" percent="99.67" remaining="4" etc="1588263292"/>
<taskprogress task="NSE" time="1588263319" percent="99.67" remaining="4" etc="1588263322"/>
<taskprogress task="NSE" time="1588263349" percent="99.67" remaining="4" etc="1588263353"/>
<taskprogress task="NSE" time="1588263379" percent="99.67" remaining="4" etc="1588263383"/>
<taskprogress task="NSE" time="1588263409" percent="99.67" remaining="4" etc="1588263413"/>
<taskprogress task="NSE" time="1588263439" percent="99.67" remaining="4" etc="1588263443"/>
<taskprogress task="NSE" time="1588263469" percent="99.67" remaining="4" etc="1588263473"/>
<taskprogress task="NSE" time="1588263499" percent="99.67" remaining="4" etc="1588263503"/>
<taskprogress task="NSE" time="1588263529" percent="99.67" remaining="5" etc="1588263533"/>
<taskprogress task="NSE" time="1588263559" percent="99.67" remaining="5" etc="1588263563"/>
<taskprogress task="NSE" time="1588263589" percent="99.67" remaining="5" etc="1588263593"/>
<taskprogress task="NSE" time="1588263619" percent="99.67" remaining="5" etc="1588263623"/>
<taskprogress task="NSE" time="1588263649" percent="99.67" remaining="5" etc="1588263653"/>
<taskend task="NSE" time="1588263668"/>
<taskbegin task="NSE" time="1588263668"/>
<taskprogress task="NSE" time="1588263699" percent="87.50" remaining="5" etc="1588263703"/>
<taskprogress task="NSE" time="1588263729" percent="93.75" remaining="5" etc="1588263733"/>
<taskend task="NSE" time="1588263734"/>
<taskbegin task="NSE" time="1588263734"/>
<taskend task="NSE" time="1588263738"/>
<host starttime="1588262256" endtime="1588263738"><status state="up" reason="user-set" reason_ttl="0"/>
<address addr="192.168.50.153" addrtype="ipv4"/>
<hostnames>
<hostname name="192.168.50.153" type="PTR"/>
</hostnames>
<ports><port protocol="tcp" portid="443"><state state="open" reason="syn-ack" reason_ttl="63"/><service name="http" product="Apache httpd" version="2.4.25" extrainfo="(Debian)" tunnel="ssl" method="probed" conf="10"><cpe>cpe:/a:apache:http_server:2.4.25</cpe></service><script id="http-aspnet-debug" output="ERROR: Script execution failed (use -d to debug)"/><script id="http-auth-finder" output="&#xa;Spidering limited to: maxdepth=3; maxpagecount=20; withinhost=192.168.50.153&#xa;  url                                                                                     method&#xa;  https://192.168.50.153:443/nagiosxi/login.php?redirect=/nagiosxi/index.php%3f&amp;noauth=1  FORM&#xa;  https://192.168.50.153:443/nagiosxi/login.php?redirect=/nagiosxi/index.php%3f&amp;noauth=1  FORM&#xa;"/><script id="http-chrono" output="Request times for /; avg: 8515.14ms; min: 7371.76ms; max: 9955.60ms"/><script id="http-comments-displayer" output="&#xa;Spidering limited to: maxdepth=3; maxpagecount=20; withinhost=192.168.50.153&#xa;    &#xa;    Path: http://192.168.50.153:443/nagiosxi/includes/css/base.css&#xa;    Line number: 877&#xa;    Comment: &#xa;        /*font-weight: bold; font-size: 1.3rem;*/&#xa;    &#xa;    Path: http://192.168.50.153:443/nagiosxi/about/?license&#xa;    Line number: 204&#xa;    Comment: &#xa;        &lt;!-&#45;&#45; HEADER START -&#45;&gt;&#xa;    &#xa;    Path: http://192.168.50.153:443/nagiosxi/includes/css/base.css&#xa;    Line number: 886&#xa;    Comment: &#xa;        /* Screen &lt; 1500px */&#xa;    &#xa;    Path: http://192.168.50.153:443/nagiosxi/includes/css/base.css&#xa;    Line number: 841&#xa;    Comment: &#xa;        /* New report layout */&#xa;    &#xa;    Path: http://192.168.50.153:443/nagiosxi/about/main.php?&amp;amp;license=&#xa;    Line number: 121&#xa;    Comment: &#xa;         // Translation helper function&#xa;    &#xa;    Path: http://192.168.50.153:443/nagiosxi/includes/css/base.css&#xa;    Line number: 133&#xa;    Comment: &#xa;        /* Set colors for tables */&#xa;    &#xa;    Path: http://192.168.50.153:443/nagiosxi/includes/css/base.css&#xa;    Line number: 1014&#xa;    Comment: &#xa;        /* User Macro Component */&#xa;    &#xa;    Path: http://192.168.50.153:443/nagiosxi/about/?license&#xa;    Line number: 272&#xa;    Comment: &#xa;        &lt;!-&#45; FOOTER END -&#45;&gt;&#xa;    &#xa;    Path: http://192.168.50.153:443/nagiosxi/about/?license&#xa;    Line number: 2&#xa;    Comment: &#xa;        &lt;!-&#45; &lt;!DOCTYPE html&gt; -&#45;&gt;&#xa;    &#xa;    Path: http://192.168.50.153:443/nagiosxi/about/main.php?&amp;amp;license=&#xa;    Line number: 143&#xa;    Comment: &#xa;        &lt;!-&#45; spin kit -&#45;&gt;&#xa;    &#xa;    Path: http://192.168.50.153:443/nagiosxi/about/main.php?&amp;amp;license=&#xa;    Line number: 170&#xa;    Comment: &#xa;        &lt;!-&#45; XI CSS -&#45;&gt;&#xa;    &#xa;    Path: http://192.168.50.153:443/nagiosxi/about/main.php?&amp;amp;license=&#xa;    Line number: 179&#xa;    Comment: &#xa;        &lt;!-&#45; D3 Graphing Library -&#45;&gt;&#xa;    &#xa;    Path: http://192.168.50.153:443/nagiosxi/about/?license&#xa;    Line number: 270&#xa;    Comment: &#xa;        &lt;!-&#45; end footer div -&#45;&gt;&#xa;    &#xa;    Path: https://192.168.50.153:443/nagiosxi/login.php?redirect=/nagiosxi/index.php%3f&amp;noauth=1&#xa;    Line number: 245&#xa;    Comment: &#xa;        &#xa;        &#xa;    &#xa;    Path: http://192.168.50.153:443/nagiosxi/includes/css/base.css&#xa;    Line number: 909&#xa;    Comment: &#xa;        /* For Overlays */&#xa;    &#xa;    Path: http://192.168.50.153:443/nagiosxi/about/main.php?&amp;amp;license=&#xa;    Line number: 3&#xa;    Comment: &#xa;        &lt;!-&#45; Powered by the Nagios Synthesis Framework -&#45;&gt;&#xa;    &#xa;    Path: http://192.168.50.153:443/nagiosxi/includes/css/base.css&#xa;    Line number: 396&#xa;    Comment: &#xa;        /* SORTED TABLE STYLES */&#xa;    &#xa;    Path: http://192.168.50.153:443/nagiosxi/about/main.php?&amp;amp;license=&#xa;    Line number: 262&#xa;    Comment: &#xa;        &lt;!-&#45; CHILD FOOTER END -&#45;&gt;&#xa;    &#xa;    Path: https://192.168.50.153:443/nagiosxi/login.php?redirect=/nagiosxi/index.php%3f&amp;noauth=1&#xa;    Line number: 341&#xa;    Comment: &#xa;        &#xa;    &#xa;    Path: http://192.168.50.153:443/nagiosxi/about/main.php?&amp;amp;license=&#xa;    Line number: 259&#xa;    Comment: &#xa;        &lt;!-&#45; CHILD FOOTER START -&#45;&gt;&#xa;    &#xa;    Path: http://192.168.50.153:443/nagiosxi/includes/css/base.css&#xa;    Line number: 951&#xa;    Comment: &#xa;        /* Screen &lt; 1100px */&#xa;    &#xa;    Path: http://192.168.50.153:443/nagiosxi/about/main.php?&amp;amp;license=&#xa;    Line number: 267&#xa;    Comment: &#xa;        &lt;!-&#45; This page requires a web browser which supports frames. -&#45;&gt;&#xa;    &#xa;    Path: http://192.168.50.153:443/nagiosxi/about/main.php?&amp;amp;license=&#xa;    Line number: 198&#xa;    Comment: &#xa;        &lt;!-&#45;&#45; CHILD HEADER START -&#45;&gt;&#xa;    &#xa;    Path: http://192.168.50.153:443/nagiosxi/includes/css/base.css&#xa;    Line number: 1044&#xa;    Comment: &#xa;        /* Updated install section */&#xa;    &#xa;    Path: http://192.168.50.153:443/nagiosxi/includes/css/base.css&#xa;    Line number: 1030&#xa;    Comment: &#xa;        /* warning/critical highcharts buttons */&#xa;    &#xa;    Path: http://192.168.50.153:443/nagiosxi/about/main.php?&amp;amp;license=&#xa;    Line number: 19&#xa;    Comment: &#xa;        &lt;!-&#45; Global variables &amp; Javascript translation text -&#45;&gt;&#xa;    &#xa;    Path: http://192.168.50.153:443/nagiosxi/about/main.php?&amp;amp;license=&#xa;    Line number: 157&#xa;    Comment: &#xa;        &lt;!-&#45; XI JS Scripts -&#45;&gt;&#xa;    &#xa;    Path: http://192.168.50.153:443/nagiosxi/about/main.php?&amp;amp;license=&#xa;    Line number: 210&#xa;    Comment: &#xa;        &lt;!-&#45;&#45; CHILD HEADER END -&#45;&gt;&#xa;    &#xa;    Path: http://192.168.50.153:443/nagiosxi/about/?license&#xa;    Line number: 253&#xa;    Comment: &#xa;        &lt;!-&#45;mainframe-&#45;&gt;&#xa;    &#xa;    Path: http://192.168.50.153:443/nagiosxi/about/?license&#xa;    Line number: 255&#xa;    Comment: &#xa;        &lt;!-&#45; FOOTER START -&#45;&gt;&#xa;    &#xa;    Path: http://192.168.50.153:443/nagiosxi/includes/css/base.css&#xa;    Line number: 828&#xa;    Comment: &#xa;        /* Special help section */&#xa;    &#xa;    Path: http://192.168.50.153:443/nagiosxi/includes/css/base.css&#xa;    Line number: 77&#xa;    Comment: &#xa;        /* jQuery-UI overwriting */&#xa;    &#xa;    Path: http://192.168.50.153:443/nagiosxi/about/main.php?&amp;amp;license=&#xa;    Line number: 146&#xa;    Comment: &#xa;        &lt;!-&#45; jquery autocomplete -&#45;&gt;&#xa;    &#xa;    Path: http://192.168.50.153:443/nagiosxi/about/?license&#xa;    Line number: 184&#xa;    Comment: &#xa;        &lt;!-&#45; jScrollPane -&#45;&gt;&#xa;    &#xa;    Path: http://192.168.50.153:443/nagiosxi/includes/css/base.css&#xa;    Line number: 781&#xa;    Comment: &#xa;        /* SLA Dashlet */&#xa;    &#xa;    Path: http://192.168.50.153:443/nagiosxi/about/main.php?&amp;amp;license=&#xa;    Line number: 2&#xa;    Comment: &#xa;        &lt;!-&#45; Produced by Nagios XI. Copyright (c) 2008-2020 Nagios Enterprises, LLC (www.nagios.com). All Rights Reserved. -&#45;&gt;&#xa;    &#xa;    Path: http://192.168.50.153:443/nagiosxi/includes/css/base.css&#xa;    Line number: 729&#xa;    Comment: &#xa;        /* Graph Explorer CSS for Dashlets */&#xa;    &#xa;    Path: http://192.168.50.153:443/nagiosxi/includes/css/base.css&#xa;    Line number: 723&#xa;    Comment: &#xa;        /* Gauge classes for Outboard Dashlets */&#xa;    &#xa;    Path: http://192.168.50.153:443/nagiosxi/includes/css/base.css&#xa;    Line number: 715&#xa;    Comment: &#xa;        /* Host/Service details page Performance Graphs tab */&#xa;    &#xa;    Path: http://192.168.50.153:443/nagiosxi/includes/css/base.css&#xa;    Line number: 625&#xa;    Comment: &#xa;        /* log entries */&#xa;    &#xa;    Path: http://192.168.50.153:443/nagiosxi/includes/css/base.css&#xa;    Line number: 481&#xa;    Comment: &#xa;        /* STANDARD TABLE DEFAULTS */&#xa;    &#xa;    Path: http://192.168.50.153:443/nagiosxi/about/main.php?&amp;amp;license=&#xa;    Line number: 16&#xa;    Comment: &#xa;        &lt;!-&#45; Adding Font-Awesome for all themes -&#45;&gt;&#xa;    &#xa;    Path: http://192.168.50.153:443/nagiosxi/includes/css/base.css&#xa;    Line number: 331&#xa;    Comment: &#xa;        /* FORMS */&#xa;    &#xa;    Path: http://192.168.50.153:443/nagiosxi/includes/css/base.css&#xa;    Line number: 809&#xa;    Comment: &#xa;        /* Color overrides for fontawesome icons */&#xa;    &#xa;    Path: https://192.168.50.153:443/nagiosxi/login.php?redirect=/nagiosxi/index.php%3f&amp;noauth=1&#xa;    Line number: 250&#xa;    Comment: &#xa;        &#xa;        &#xa;    &#xa;    Path: http://192.168.50.153:443/nagiosxi/about/main.php?&amp;amp;license=&#xa;    Line number: 174&#xa;    Comment: &#xa;        &lt;!-&#45; Highcharts Graphing Library -&#45;&gt;&#xa;    &#xa;    Path: http://192.168.50.153:443/nagiosxi/includes/css/base.css&#xa;    Line number: 250&#xa;    Comment: &#xa;        /* Fix perfdata in tabs on status pages */&#xa;    &#xa;    Path: http://192.168.50.153:443/nagiosxi/includes/css/base.css&#xa;    Line number: 333&#xa;    Comment: &#xa;        /* defaults */&#xa;    &#xa;    Path: http://192.168.50.153:443/nagiosxi/includes/css/base.css&#xa;    Line number: 893&#xa;    Comment: &#xa;        /* Screen &lt; 1200px */&#xa;    &#xa;    Path: http://192.168.50.153:443/nagiosxi/about/main.php?&amp;amp;license=&#xa;    Line number: 149&#xa;    Comment: &#xa;        &lt;!-&#45; colorpicker -&#45;&gt;&#xa;    &#xa;    Path: http://192.168.50.153:443/nagiosxi/about/main.php?&amp;amp;license=&#xa;    Line number: 153&#xa;    Comment: &#xa;        &lt;!-&#45; clipboard plugin -&#45;&gt;&#xa;    &#xa;    Path: http://192.168.50.153:443/nagiosxi/about/main.php?&amp;amp;license=&#xa;    Line number: 264&#xa;    Comment: &#xa;        &lt;!-&#45;page-&#45;&gt;&#xa;    &#xa;    Path: http://192.168.50.153:443/nagiosxi/about/main.php?&amp;amp;license=&#xa;    Line number: 129&#xa;    Comment: &#xa;        &lt;!-&#45; main jquery libraries -&#45;&gt;&#xa;    &#xa;    Path: http://192.168.50.153:443/nagiosxi/about/main.php?&amp;amp;license=&#xa;    Line number: 30&#xa;    Comment: &#xa;         // Language string for translations&#xa;"/><script id="http-csrf" output="&#xa;Spidering limited to: maxdepth=3; maxpagecount=20; withinhost=192.168.50.153&#xa;  Found the following possible CSRF vulnerabilities: &#xa;    &#xa;    Path: https://192.168.50.153:443/nagiosxi/login.php?redirect=/nagiosxi/index.php%3f&amp;noauth=1&#xa;    Form id: loginform&#xa;    Form action: /nagiosxi/login.php&#xa;    &#xa;    Path: https://192.168.50.153:443/nagiosxi/login.php?redirect=/nagiosxi/index.php%3f&amp;noauth=1&#xa;    Form id: loginform&#xa;    Form action: /nagiosxi/login.php&#xa;    &#xa;    Path: https://192.168.50.153:443/nagiosxi/includes/js/dashboards.js?1540830265&#xa;    Form id: adddashboard_form&#xa;    Form action: &quot;+ajax_helper_url+&quot;&#xa;    &#xa;    Path: https://192.168.50.153:443/nagiosxi/includes/js/dashboards.js?1540830265&#xa;    Form id: editdashboard_form&#xa;    Form action: &quot;+ajax_helper_url+&quot;&#xa;    &#xa;    Path: https://192.168.50.153:443/nagiosxi/includes/js/dashboards.js?1540830265&#xa;    Form id: deletedashboard_form&#xa;    Form action: &quot;+ajax_helper_url+&quot;&#xa;    &#xa;    Path: https://192.168.50.153:443/nagiosxi/includes/js/dashboards.js?1540830265&#xa;    Form id: clonedashboard_form&#xa;    Form action: &quot;+ajax_helper_url+&quot;&#xa;    &#xa;    Path: https://192.168.50.153:443/nagiosxi/login.php?redirect=/nagiosxi/index.php%3flocale%3Dfr_FR&amp;noauth=1&#xa;    Form id: loginform&#xa;    Form action: /nagiosxi/login.php&#xa;    &#xa;    Path: https://192.168.50.153:443/nagiosxi/login.php?redirect=/nagiosxi/index.php%3flocale%3Des_ES&amp;noauth=1&#xa;    Form id: loginform&#xa;    Form action: /nagiosxi/login.php&#xa;    &#xa;    Path: https://192.168.50.153:443/nagiosxi/login.php?redirect=/nagiosxi/index.php%3fforgotpass&amp;noauth=1&#xa;    Form id: loginform&#xa;    Form action: /nagiosxi/login.php&#xa;    &#xa;    Path: https://192.168.50.153:443/nagiosxi/login.php?redirect=/nagiosxi/index.php%3flocale%3Dpt_PT&amp;noauth=1&#xa;    Form id: loginform&#xa;    Form action: /nagiosxi/login.php&#xa;"/><script id="http-date" output="Thu, 30 Apr 2020 16:01:03 GMT; +5s from local time."><elem key="date">2020-04-30T16:01:03+00:00</elem>
<elem key="delta">5.0</elem>
</script><script id="http-devframework" output="Couldn&apos;t determine the underlying framework or CMS. Try increasing &apos;httpspider.maxpagecount&apos; value to spider more pages."/><script id="http-dombased-xss" output="Couldn&apos;t find any DOM based XSS."/><script id="http-drupal-enum" output="Nothing found amongst the top 100 resources,use -&#45;script-args number=&lt;number|all&gt; for deeper analysis)"/><script id="http-errors" output="&#xa;Spidering limited to: maxpagecount=40; withinhost=192.168.50.153&#xa;  Found the following error pages: &#xa;  &#xa;  Error Code: 400&#xa;  &#x9;http://192.168.50.153:443/nagiosxi/includes/css/bootstrap.3.min.css&#xa;"/><script id="http-feed" output="Couldn&apos;t find any feeds."/><script id="http-fetch" output="Please enter the complete path of the directory to save data in."><elem key="ERROR">Please enter the complete path of the directory to save data in.</elem>
</script><script id="http-fileupload-exploiter" output="&#xa;  &#xa;    Couldn&apos;t find a file-type field."><table>
<elem>Couldn&apos;t find a file-type field.</elem>
</table>
</script><script id="http-grep" output="&#xa;  (2) https://192.168.50.153:443/nagiosxi/login.php?redirect=/nagiosxi/index.php%3f&amp;noauth=1: &#xa;    (1) ip: &#xa;      + 192.168.50.153&#xa;    (1) email: &#xa;      + sales@nagios.com"><table key="(2) https://192.168.50.153:443/nagiosxi/login.php?redirect=/nagiosxi/index.php%3f&amp;noauth=1">
<table key="(1) ip">
<elem>+ 192.168.50.153</elem>
</table>
<table key="(1) email">
<elem>+ sales@nagios.com</elem>
</table>
</table>
</script><script id="http-headers" output="&#xa;  Date: Thu, 30 Apr 2020 16:01:25 GMT&#xa;  Server: Apache/2.4.25 (Debian)&#xa;  Vary: Accept-Encoding&#xa;  Content-Length: 2968&#xa;  Connection: close&#xa;  Content-Type: text/html; charset=UTF-8&#xa;  &#xa;  (Request type: GET)&#xa;"/><script id="http-jsonp-detection" output="Couldn&apos;t find any JSONP endpoints."/><script id="http-litespeed-sourcecode-download" output="Request with null byte did not work. This web server might not be vulnerable"/><script id="http-malware-host" output="Host appears to be clean"/><script id="http-methods" output="&#xa;  Supported Methods: GET HEAD POST OPTIONS"><table key="Supported Methods">
<elem>GET</elem>
<elem>HEAD</elem>
<elem>POST</elem>
<elem>OPTIONS</elem>
</table>
</script><script id="http-mobileversion-checker" output="No mobile version detected."/><script id="http-referer-checker" output="&#xa;Spidering limited to: maxpagecount=30&#xa;  https://192.168.50.153:443/nagiosxi/includes/js/jquery/jquery-3.3.1.min.js?1540830265&#xa;  https://192.168.50.153:443/nagiosxi/includes/js/jquery/jquery-migrate-3.0.0.min.js?1540830265&#xa;  https://192.168.50.153:443/nagiosxi/includes/components/graphexplorer/includes/graphexplorerinclude.js&#xa;  https://192.168.50.153:443/nagiosxi/includes/js/jquery/jquery.jscrollpane.min.js&#xa;  https://192.168.50.153:443/nagiosxi/includes/js/dashlets.js?1540830265&#xa;  https://192.168.50.153:443/nagiosxi/includes/js/perfdata.js?1540830265&#xa;  https://192.168.50.153:443/nagiosxi/includes/js/tables.js?1540830265&#xa;"/><script id="http-security-headers" output="&#xa;  Strict_Transport_Security: &#xa;    HSTS not configured in HTTPS Server"><table key="Strict_Transport_Security">
<elem>HSTS not configured in HTTPS Server</elem>
</table>
</script><script id="http-sitemap-generator" output="&#xa;  Directory structure:&#xa;    /&#xa;      Other: 1&#xa;    /nagiosxi/&#xa;      php: 1&#xa;    /nagiosxi/about/&#xa;      Other: 1; php: 1&#xa;    /nagiosxi/images/&#xa;      ico: 1&#xa;    /nagiosxi/includes/css/&#xa;      css: 1&#xa;    /nagiosxi/includes/js/&#xa;      js: 1&#xa;  Longest directory structure:&#xa;    Depth: 3&#xa;    Dir: /nagiosxi/includes/css/&#xa;  Total files found (by extension):&#xa;    Other: 2; css: 1; ico: 1; js: 1; php: 2&#xa;"/><script id="http-stored-xss" output="Couldn&apos;t find any stored XSS vulnerabilities."/><script id="http-title" output="400 Bad Request"><elem key="title">400 Bad Request</elem>
</script><script id="http-traceroute" output="&#xa;  HTML title&#xa;    Hop #1: 400 Bad Request&#xa;    Hop #2: 400 Bad Request&#xa;    Hop #3: Nagios XI&#xa;  Status Code&#xa;    Hop #1: 400&#xa;    Hop #2: 400&#xa;    Hop #3: 200&#xa;  content-type&#xa;    Hop #1: text/html; charset=iso-8859-1&#xa;    Hop #2: text/html; charset=iso-8859-1&#xa;    Hop #3: text/html; charset=UTF-8&#xa;  content-length&#xa;    Hop #1: 438&#xa;    Hop #2: 438&#xa;    Hop #3: 2968&#xa;"/><script id="http-unsafe-output-escaping" output="&#xa;  Characters [&apos;] reflected in parameter redirect at https://192.168.50.153:443/nagiosxi/login.php?redirect=/nagiosxi/index.php%3f&amp;noauth=1&#xa;  Characters [&apos;] reflected in parameter redirect at https://192.168.50.153:443/nagiosxi/login.php?redirect=/nagiosxi/index.php%3f&amp;noauth=1&#xa;"/><script id="http-useragent-tester" output="&#xa;  Status for browser useragent: 200&#xa;  Allowed User Agents: &#xa;    Mozilla/5.0 (compatible; Nmap Scripting Engine; https://nmap.org/book/nse.html)&#xa;    libwww&#xa;    libcurl-agent/1.0&#xa;    PHP/&#xa;    Python-urllib/2.5&#xa;    GT::WWW&#xa;    PECL::HTTP&#xa;  Change in Status Code: &#xa;    WWW-Mechanize/1.34: 400&#xa;    Zend_Http_Client: 400&#xa;    http client: 400&#xa;    MFC_Tear_Sample: 400&#xa;    HTTP::Lite: 400&#xa;    PHPCrawl: 400&#xa;    URI::Fetch: 400&#xa;    Wget/1.13.4 (linux-gnu): 400&#xa;    Snoopy: 400&#xa;    lwp-trivial: 400"><elem key="Status for browser useragent">200</elem>
<table key="Allowed User Agents">
<elem>Mozilla/5.0 (compatible; Nmap Scripting Engine; https://nmap.org/book/nse.html)</elem>
<elem>libwww</elem>
<elem>libcurl-agent/1.0</elem>
<elem>PHP/</elem>
<elem>Python-urllib/2.5</elem>
<elem>GT::WWW</elem>
<elem>PECL::HTTP</elem>
</table>
<table key="Change in Status Code">
<elem key="WWW-Mechanize/1.34">400</elem>
<elem key="Zend_Http_Client">400</elem>
<elem key="http client">400</elem>
<elem key="MFC_Tear_Sample">400</elem>
<elem key="HTTP::Lite">400</elem>
<elem key="PHPCrawl">400</elem>
<elem key="URI::Fetch">400</elem>
<elem key="Wget/1.13.4 (linux-gnu)">400</elem>
<elem key="Snoopy">400</elem>
<elem key="lwp-trivial">400</elem>
</table>
</script><script id="http-vhosts" output="&#xa;73 names had status 400&#xa;54 names had status 200"/><script id="http-vuln-cve2017-1001000" output="ERROR: Script execution failed (use -d to debug)"/><script id="http-wordpress-enum" output="Nothing found amongst the top 100 resources,use -&#45;script-args search-limit=&lt;number|all&gt; for deeper analysis)"/><script id="http-wordpress-users" output="[Error] Wordpress installation was not found. We couldn&apos;t find wp-login.php"/><script id="sslv2-drown" output="&#xa;"></script></port>
</ports>
<times srtt="318385" rttvar="318385" to="1591925"/>
</host>
<taskbegin task="NSE" time="1588263738"/>
<taskend task="NSE" time="1588263738"/>
<taskbegin task="NSE" time="1588263738"/>
<taskend task="NSE" time="1588263738"/>
<taskbegin task="NSE" time="1588263738"/>
<taskend task="NSE" time="1588263738"/>
<runstats><finished time="1588263738" timestr="Fri May  1 00:22:18 2020" elapsed="1505.05" summary="Nmap done at Fri May  1 00:22:18 2020; 1 IP address (1 host up) scanned in 1505.05 seconds" exit="success"/><hosts up="1" down="0" total="1"/>
</runstats>
</nmaprun>
