<?xml version="1.0" encoding="UTF-8"?>
<!DOCTYPE nmaprun>
<?xml-stylesheet href="file:///usr/bin/../share/nmap/nmap.xsl" type="text/xsl"?>
<!-- Nmap 7.80 scan initiated Thu Apr 30 23:54:15 2020 as: nmap -vv -&#45;reason -Pn -A -&#45;osscan-guess -&#45;version-all -p- -oN /root/AutoRecon/results/192.168.50.43/scans/_full_tcp_nmap.txt -oX /root/AutoRecon/results/192.168.50.43/scans/xml/_full_tcp_nmap.xml 192.168.50.43 -->
<nmaprun scanner="nmap" args="nmap -vv -&#45;reason -Pn -A -&#45;osscan-guess -&#45;version-all -p- -oN /root/AutoRecon/results/192.168.50.43/scans/_full_tcp_nmap.txt -oX /root/AutoRecon/results/192.168.50.43/scans/xml/_full_tcp_nmap.xml 192.168.50.43" start="1588262055" startstr="Thu Apr 30 23:54:15 2020" version="7.80" xmloutputversion="1.04">
<scaninfo type="syn" protocol="tcp" numservices="65535" services="1-65535"/>
<verbose level="2"/>
<debugging level="0"/>
<taskbegin task="NSE" time="1588262068"/>
<taskend task="NSE" time="1588262068"/>
<taskbegin task="NSE" time="1588262068"/>
<taskend task="NSE" time="1588262068"/>
<taskbegin task="NSE" time="1588262068"/>
<taskend task="NSE" time="1588262068"/>
<taskbegin task="Parallel DNS resolution of 1 host." time="1588262068"/>
<taskend task="Parallel DNS resolution of 1 host." time="1588262068"/>
<taskbegin task="SYN Stealth Scan" time="1588262068"/>
<taskprogress task="SYN Stealth Scan" time="1588262099" percent="5.40" remaining="543" etc="1588262642"/>
<taskprogress task="SYN Stealth Scan" time="1588262129" percent="5.94" remaining="967" etc="1588263095"/>
<taskprogress task="SYN Stealth Scan" time="1588262159" percent="6.77" remaining="1253" etc="1588263411"/>
<taskprogress task="SYN Stealth Scan" time="1588262189" percent="6.99" remaining="1612" etc="1588263800"/>
<taskprogress task="SYN Stealth Scan" time="1588262219" percent="7.27" remaining="1927" etc="1588264146"/>
<taskprogress task="SYN Stealth Scan" time="1588262249" percent="7.78" remaining="2145" etc="1588264393"/>
<taskprogress task="SYN Stealth Scan" time="1588262279" percent="8.18" remaining="2370" etc="1588264649"/>
<taskprogress task="SYN Stealth Scan" time="1588262309" percent="8.51" remaining="2590" etc="1588264899"/>
<taskprogress task="SYN Stealth Scan" time="1588262342" percent="9.07" remaining="2746" etc="1588265088"/>
<taskprogress task="SYN Stealth Scan" time="1588262381" percent="9.73" remaining="2903" etc="1588265283"/>
<taskprogress task="SYN Stealth Scan" time="1588262465" percent="12.75" remaining="2717" etc="1588265181"/>
<taskprogress task="SYN Stealth Scan" time="1588262495" percent="14.87" remaining="2444" etc="1588264939"/>
<taskprogress task="SYN Stealth Scan" time="1588262525" percent="16.63" remaining="2291" etc="1588264816"/>
<taskprogress task="SYN Stealth Scan" time="1588262577" percent="19.12" remaining="2153" etc="1588264730"/>
<taskprogress task="SYN Stealth Scan" time="1588262867" percent="25.87" remaining="2290" etc="1588265157"/>
<taskprogress task="SYN Stealth Scan" time="1588262945" percent="29.42" remaining="2104" etc="1588265049"/>
<taskprogress task="SYN Stealth Scan" time="1588262984" percent="31.94" remaining="1953" etc="1588264936"/>
<taskprogress task="SYN Stealth Scan" time="1588263017" percent="34.61" remaining="1794" etc="1588264810"/>
<taskprogress task="SYN Stealth Scan" time="1588263071" percent="37.74" remaining="1655" etc="1588264725"/>
<taskprogress task="SYN Stealth Scan" time="1588263107" percent="40.66" remaining="1517" etc="1588264623"/>
<taskprogress task="SYN Stealth Scan" time="1588263137" percent="43.83" remaining="1371" etc="1588264507"/>
<taskprogress task="SYN Stealth Scan" time="1588263188" percent="47.44" remaining="1242" etc="1588264429"/>
<taskprogress task="SYN Stealth Scan" time="1588263230" percent="51.09" remaining="1113" etc="1588264342"/>
<taskprogress task="SYN Stealth Scan" time="1588263269" percent="54.61" remaining="999" etc="1588264267"/>
<taskprogress task="SYN Stealth Scan" time="1588263317" percent="58.59" remaining="883" etc="1588264200"/>
<taskprogress task="SYN Stealth Scan" time="1588263362" percent="62.51" remaining="777" etc="1588264138"/>
<taskprogress task="SYN Stealth Scan" time="1588263404" percent="66.78" remaining="665" etc="1588264069"/>
<taskprogress task="SYN Stealth Scan" time="1588263479" percent="71.49" remaining="563" etc="1588264042"/>
<taskprogress task="SYN Stealth Scan" time="1588263536" percent="76.14" remaining="461" etc="1588263996"/>
<taskprogress task="SYN Stealth Scan" time="1588263611" percent="81.01" remaining="362" etc="1588263973"/>
<taskprogress task="SYN Stealth Scan" time="1588263773" percent="86.66" remaining="263" etc="1588264035"/>
<taskprogress task="SYN Stealth Scan" time="1588264037" percent="90.65" remaining="204" etc="1588264240"/>
<taskprogress task="SYN Stealth Scan" time="1588264241" percent="90.77" remaining="221" etc="1588264462"/>
<taskprogress task="SYN Stealth Scan" time="1588264463" percent="91.00" remaining="237" etc="1588264700"/>
<taskprogress task="SYN Stealth Scan" time="1588264703" percent="91.28" remaining="252" etc="1588264955"/>
<taskprogress task="SYN Stealth Scan" time="1588264958" percent="91.60" remaining="266" etc="1588265223"/>
<taskprogress task="SYN Stealth Scan" time="1588265225" percent="91.93" remaining="278" etc="1588265502"/>
<taskprogress task="SYN Stealth Scan" time="1588265504" percent="92.21" remaining="291" etc="1588265794"/>
<taskprogress task="SYN Stealth Scan" time="1588265795" percent="92.56" remaining="300" etc="1588266095"/>
<taskprogress task="SYN Stealth Scan" time="1588266095" percent="92.90" remaining="308" etc="1588266403"/>
<taskprogress task="SYN Stealth Scan" time="1588266404" percent="93.28" remaining="313" etc="1588266717"/>
<taskprogress task="SYN Stealth Scan" time="1588266719" percent="93.60" remaining="318" etc="1588267037"/>
<taskprogress task="SYN Stealth Scan" time="1588267040" percent="94.00" remaining="318" etc="1588267357"/>
<taskprogress task="SYN Stealth Scan" time="1588267358" percent="94.36" remaining="317" etc="1588267674"/>
<taskprogress task="SYN Stealth Scan" time="1588267676" percent="94.70" remaining="314" etc="1588267990"/>
<taskprogress task="SYN Stealth Scan" time="1588267991" percent="95.11" remaining="305" etc="1588268296"/>
<taskprogress task="SYN Stealth Scan" time="1588268297" percent="95.42" remaining="300" etc="1588268596"/>
<taskprogress task="SYN Stealth Scan" time="1588268597" percent="95.80" remaining="287" etc="1588268883"/>
<taskprogress task="SYN Stealth Scan" time="1588268885" percent="96.08" remaining="278" etc="1588269163"/>
<taskprogress task="SYN Stealth Scan" time="1588269164" percent="96.45" remaining="262" etc="1588269425"/>
<taskprogress task="SYN Stealth Scan" time="1588269428" percent="96.76" remaining="247" etc="1588269674"/>
<taskprogress task="SYN Stealth Scan" time="1588269677" percent="97.04" remaining="233" etc="1588269909"/>
<taskprogress task="SYN Stealth Scan" time="1588269911" percent="97.31" remaining="217" etc="1588270127"/>
<taskprogress task="SYN Stealth Scan" time="1588270130" percent="97.56" remaining="202" etc="1588270331"/>
<taskprogress task="SYN Stealth Scan" time="1588270334" percent="97.76" remaining="190" etc="1588270524"/>
<taskprogress task="SYN Stealth Scan" time="1588270526" percent="98.01" remaining="172" etc="1588270698"/>
<taskprogress task="SYN Stealth Scan" time="1588270700" percent="98.18" remaining="160" etc="1588270860"/>
<taskprogress task="SYN Stealth Scan" time="1588270862" percent="98.41" remaining="142" etc="1588271004"/>
<taskprogress task="SYN Stealth Scan" time="1588271006" percent="98.56" remaining="131" etc="1588271137"/>
<taskprogress task="SYN Stealth Scan" time="1588271138" percent="98.69" remaining="121" etc="1588271258"/>
<taskprogress task="SYN Stealth Scan" time="1588271258" percent="98.83" remaining="110" etc="1588271367"/>
<taskprogress task="SYN Stealth Scan" time="1588271369" percent="98.96" remaining="98" etc="1588271466"/>
<taskprogress task="SYN Stealth Scan" time="1588271468" percent="99.10" remaining="86" etc="1588271553"/>
<taskprogress task="SYN Stealth Scan" time="1588271555" percent="99.18" remaining="79" etc="1588271634"/>
<taskprogress task="SYN Stealth Scan" time="1588271636" percent="99.25" remaining="73" etc="1588271708"/>
<taskprogress task="SYN Stealth Scan" time="1588271708" percent="99.26" remaining="72" etc="1588271780"/>
<taskprogress task="SYN Stealth Scan" time="1588271783" percent="99.28" remaining="71" etc="1588271854"/>
<taskprogress task="SYN Stealth Scan" time="1588271855" percent="99.29" remaining="70" etc="1588271925"/>
<taskprogress task="SYN Stealth Scan" time="1588271927" percent="99.31" remaining="69" etc="1588271996"/>
<taskprogress task="SYN Stealth Scan" time="1588271996" percent="99.32" remaining="69" etc="1588272064"/>
<taskprogress task="SYN Stealth Scan" time="1588272065" percent="99.33" remaining="68" etc="1588272132"/>
<taskprogress task="SYN Stealth Scan" time="1588272134" percent="99.35" remaining="67" etc="1588272200"/>
<taskprogress task="SYN Stealth Scan" time="1588272203" percent="99.36" remaining="66" etc="1588272268"/>
<taskprogress task="SYN Stealth Scan" time="1588272269" percent="99.37" remaining="65" etc="1588272333"/>
<taskprogress task="SYN Stealth Scan" time="1588272335" percent="99.39" remaining="64" etc="1588272398"/>
<taskprogress task="SYN Stealth Scan" time="1588272398" percent="99.40" remaining="63" etc="1588272461"/>
<taskprogress task="SYN Stealth Scan" time="1588272464" percent="99.41" remaining="62" etc="1588272526"/>
<taskprogress task="SYN Stealth Scan" time="1588272527" percent="99.42" remaining="61" etc="1588272588"/>
<taskprogress task="SYN Stealth Scan" time="1588272590" percent="99.44" remaining="60" etc="1588272650"/>
<taskprogress task="SYN Stealth Scan" time="1588272653" percent="99.45" remaining="59" etc="1588272712"/>
<taskprogress task="SYN Stealth Scan" time="1588272713" percent="99.46" remaining="58" etc="1588272771"/>
<taskprogress task="SYN Stealth Scan" time="1588272773" percent="99.47" remaining="57" etc="1588272830"/>
<taskprogress task="SYN Stealth Scan" time="1588272830" percent="99.48" remaining="57" etc="1588272886"/>
<taskprogress task="SYN Stealth Scan" time="1588272887" percent="99.49" remaining="56" etc="1588272942"/>
<taskprogress task="SYN Stealth Scan" time="1588272944" percent="99.50" remaining="55" etc="1588272998"/>
<taskprogress task="SYN Stealth Scan" time="1588273001" percent="99.52" remaining="54" etc="1588273054"/>
<taskprogress task="SYN Stealth Scan" time="1588273055" percent="99.53" remaining="53" etc="1588273107"/>
<taskprogress task="SYN Stealth Scan" time="1588273109" percent="99.54" remaining="52" etc="1588273160"/>
<taskprogress task="SYN Stealth Scan" time="1588273163" percent="99.55" remaining="51" etc="1588273213"/>
<taskprogress task="SYN Stealth Scan" time="1588273214" percent="99.56" remaining="50" etc="1588273264"/>
<taskprogress task="SYN Stealth Scan" time="1588273265" percent="99.57" remaining="49" etc="1588273314"/>
<taskprogress task="SYN Stealth Scan" time="1588273316" percent="99.58" remaining="48" etc="1588273364"/>
<taskprogress task="SYN Stealth Scan" time="1588273364" percent="99.59" remaining="47" etc="1588273411"/>
<taskprogress task="SYN Stealth Scan" time="1588273412" percent="99.60" remaining="46" etc="1588273458"/>
<taskprogress task="SYN Stealth Scan" time="1588273460" percent="99.61" remaining="46" etc="1588273505"/>
<taskprogress task="SYN Stealth Scan" time="1588273508" percent="99.62" remaining="45" etc="1588273552"/>
<taskprogress task="SYN Stealth Scan" time="1588273553" percent="99.62" remaining="44" etc="1588273596"/>
<taskprogress task="SYN Stealth Scan" time="1588273598" percent="99.63" remaining="43" etc="1588273640"/>
<taskprogress task="SYN Stealth Scan" time="1588273643" percent="99.64" remaining="42" etc="1588273685"/>
<taskprogress task="SYN Stealth Scan" time="1588273685" percent="99.65" remaining="41" etc="1588273726"/>
<taskprogress task="SYN Stealth Scan" time="1588273727" percent="99.66" remaining="40" etc="1588273767"/>
<taskprogress task="SYN Stealth Scan" time="1588273769" percent="99.67" remaining="40" etc="1588273808"/>
<taskprogress task="SYN Stealth Scan" time="1588273811" percent="99.68" remaining="39" etc="1588273849"/>
<taskprogress task="SYN Stealth Scan" time="1588273850" percent="99.68" remaining="38" etc="1588273887"/>
<taskprogress task="SYN Stealth Scan" time="1588273889" percent="99.69" remaining="37" etc="1588273925"/>
<taskprogress task="SYN Stealth Scan" time="1588273925" percent="99.70" remaining="36" etc="1588273961"/>
<taskprogress task="SYN Stealth Scan" time="1588273961" percent="99.71" remaining="35" etc="1588273996"/>
<taskprogress task="SYN Stealth Scan" time="1588273997" percent="99.72" remaining="34" etc="1588274031"/>
<taskprogress task="SYN Stealth Scan" time="1588274033" percent="99.72" remaining="34" etc="1588274066"/>
<taskprogress task="SYN Stealth Scan" time="1588274066" percent="99.73" remaining="33" etc="1588274098"/>
<taskprogress task="SYN Stealth Scan" time="1588274099" percent="99.74" remaining="32" etc="1588274131"/>
<taskprogress task="SYN Stealth Scan" time="1588274132" percent="99.75" remaining="31" etc="1588274163"/>
<taskend task="SYN Stealth Scan" time="1588281494" extrainfo="65535 total ports"/>
<taskbegin task="Service scan" time="1588281494"/>
<taskend task="Service scan" time="1588281499" extrainfo="2 services on 1 host"/>
<runstats><finished time="1588281499" timestr="Fri May  1 05:18:19 2020" elapsed="19458.20" summary="Nmap done at Fri May  1 05:18:19 2020; 0 IP addresses (1 host up) scanned in 19458.20 seconds" exit="error" errormsg="Call to pcap_open_live() failed three times. There are several possible reasons for this, depending on your operating system:&#xa;LINUX: If you are getting Socket type not supported, try modprobe af_packet or recompile your kernel with PACKET enabled.&#xa; *BSD:  If you are getting device not configured, you need to recompile your kernel with Berkeley Packet Filter support.  If you are getting No such file or directory, try creating the device (eg cd /dev; MAKEDEV &lt;device&gt;; or use mknod).&#xa;*WINDOWS:  Nmap only supports ethernet interfaces on Windows for most operations because Microsoft disabled raw sockets as of Windows XP SP2.  Depending on the reason for this error, it is possible that the -&#45;unprivileged command-line argument will help.&#xa;SOLARIS:  If you are trying to scan localhost or the address of an interface and are getting &apos;/dev/lo0: No such file or directory&apos; or &apos;lo0: No DLPI device found&apos;, complain to Sun.  I don&apos;t think Solaris can support advanced localhost scans.  You can probably use &quot;-Pn -sT localhost&quot;"/><hosts up="1" down="-1" total="0"/>
</runstats>
</nmaprun>
