<?xml version="1.0" encoding="UTF-8"?>
<!DOCTYPE nmaprun>
<?xml-stylesheet href="file:///usr/bin/../share/nmap/nmap.xsl" type="text/xsl"?>
<!-- Nmap 7.80 scan initiated Thu Apr 30 23:55:27 2020 as: nmap -vv -&#45;reason -Pn -sV -p 80 &quot;-&#45;script=banner,(http* or ssl*) and not (brute or broadcast or dos or external or http-slowloris* or fuzzer)&quot; -oN /root/AutoRecon/results/192.168.50.43/scans/tcp_80_http_nmap.txt -oX /root/AutoRecon/results/192.168.50.43/scans/xml/tcp_80_http_nmap.xml 192.168.50.43 -->
<nmaprun scanner="nmap" args="nmap -vv -&#45;reason -Pn -sV -p 80 &quot;-&#45;script=banner,(http* or ssl*) and not (brute or broadcast or dos or external or http-slowloris* or fuzzer)&quot; -oN /root/AutoRecon/results/192.168.50.43/scans/tcp_80_http_nmap.txt -oX /root/AutoRecon/results/192.168.50.43/scans/xml/tcp_80_http_nmap.xml 192.168.50.43" start="1588262127" startstr="Thu Apr 30 23:55:27 2020" version="7.80" xmloutputversion="1.04">
<scaninfo type="syn" protocol="tcp" numservices="1" services="80"/>
<verbose level="2"/>
<debugging level="0"/>
<taskbegin task="NSE" time="1588262135"/>
<taskend task="NSE" time="1588262135"/>
<taskbegin task="NSE" time="1588262135"/>
<taskend task="NSE" time="1588262135"/>
<taskbegin task="NSE" time="1588262135"/>
<taskend task="NSE" time="1588262135"/>
<taskbegin task="Parallel DNS resolution of 1 host." time="1588262135"/>
<taskend task="Parallel DNS resolution of 1 host." time="1588262135"/>
<taskbegin task="SYN Stealth Scan" time="1588262135"/>
<taskend task="SYN Stealth Scan" time="1588262135" extrainfo="1 total ports"/>
<taskbegin task="Service scan" time="1588262137"/>
<taskend task="Service scan" time="1588262145" extrainfo="1 service on 1 host"/>
<taskbegin task="NSE" time="1588262145"/>
<taskprogress task="NSE" time="1588262176" percent="95.72" remaining="2" etc="1588262177"/>
<taskprogress task="NSE" time="1588262206" percent="98.36" remaining="2" etc="1588262207"/>
<taskprogress task="NSE" time="1588262236" percent="99.35" remaining="1" etc="1588262237"/>
<taskprogress task="NSE" time="1588262266" percent="99.67" remaining="1" etc="1588262266"/>
<taskend task="NSE" time="1588262279"/>
<taskbegin task="NSE" time="1588262279"/>
<taskend task="NSE" time="1588262283"/>
<taskbegin task="NSE" time="1588262283"/>
<taskend task="NSE" time="1588262283"/>
<host starttime="1588262135" endtime="1588262283"><status state="up" reason="user-set" reason_ttl="0"/>
<address addr="192.168.50.43" addrtype="ipv4"/>
<hostnames>
<hostname name="192.168.50.43" type="PTR"/>
</hostnames>
<ports><port protocol="tcp" portid="80"><state state="open" reason="syn-ack" reason_ttl="63"/><service name="http" product="Apache httpd" version="2.4.18" extrainfo="(Ubuntu)" method="probed" conf="10"><cpe>cpe:/a:apache:http_server:2.4.18</cpe></service><script id="http-chrono" output="Request times for /; avg: 3550.93ms; min: 2698.85ms; max: 5705.52ms"/><script id="http-comments-displayer" output="Couldn&apos;t find any comments."/><script id="http-csrf" output="&#xa;Spidering limited to: maxdepth=3; maxpagecount=20; withinhost=192.168.50.43&#xa;  Found the following possible CSRF vulnerabilities: &#xa;    &#xa;    Path: http://192.168.50.43:80/&#xa;    Form id: &#xa;    Form action: index.php&#xa;    &#xa;    Path: http://192.168.50.43:80/index.php&#xa;    Form id: &#xa;    Form action: index.php&#xa;"/><script id="http-date" output="Thu, 30 Apr 2020 15:55:49 GMT; +3s from local time."><elem key="date">2020-04-30T15:55:49+00:00</elem>
<elem key="delta">3.0</elem>
</script><script id="http-devframework" output="Couldn&apos;t determine the underlying framework or CMS. Try increasing &apos;httpspider.maxpagecount&apos; value to spider more pages."/><script id="http-dombased-xss" output="Couldn&apos;t find any DOM based XSS."/><script id="http-drupal-enum" output="Nothing found amongst the top 100 resources,use -&#45;script-args number=&lt;number|all&gt; for deeper analysis)"/><script id="http-errors" output="Couldn&apos;t find any error pages."/><script id="http-feed" output="Couldn&apos;t find any feeds."/><script id="http-fetch" output="Please enter the complete path of the directory to save data in."><elem key="ERROR">Please enter the complete path of the directory to save data in.</elem>
</script><script id="http-headers" output="&#xa;  Date: Thu, 30 Apr 2020 15:55:54 GMT&#xa;  Server: Apache/2.4.18 (Ubuntu)&#xa;  Connection: close&#xa;  Content-Type: text/html; charset=UTF-8&#xa;  &#xa;  (Request type: HEAD)&#xa;"/><script id="http-jsonp-detection" output="Couldn&apos;t find any JSONP endpoints."/><script id="http-litespeed-sourcecode-download" output="Request with null byte did not work. This web server might not be vulnerable"/><script id="http-malware-host" output="Host appears to be clean"/><script id="http-methods" output="&#xa;  Supported Methods: GET HEAD POST OPTIONS"><table key="Supported Methods">
<elem>GET</elem>
<elem>HEAD</elem>
<elem>POST</elem>
<elem>OPTIONS</elem>
</table>
</script><script id="http-mobileversion-checker" output="No mobile version detected."/><script id="http-php-version" output="Logo query returned unknown hash 3e1470e07f4c2d7d8408c16e1cf45a05&#xa;Credits query returned unknown hash 3e1470e07f4c2d7d8408c16e1cf45a05"/><script id="http-referer-checker" output="Couldn&apos;t find any cross-domain scripts."/><script id="http-security-headers" output="&#xa;"></script><script id="http-server-header" output="Apache/2.4.18 (Ubuntu)"><elem>Apache/2.4.18 (Ubuntu)</elem>
</script><script id="http-sitemap-generator" output="&#xa;  Directory structure:&#xa;    /&#xa;      Other: 1; jpg: 1; php: 1&#xa;  Longest directory structure:&#xa;    Depth: 0&#xa;    Dir: /&#xa;  Total files found (by extension):&#xa;    Other: 1; jpg: 1; php: 1&#xa;"/><script id="http-stored-xss" output="Couldn&apos;t find any stored XSS vulnerabilities."/><script id="http-title" output="october"><elem key="title">october</elem>
</script><script id="http-useragent-tester" output="&#xa;  Status for browser useragent: 200&#xa;  Allowed User Agents: &#xa;    Mozilla/5.0 (compatible; Nmap Scripting Engine; https://nmap.org/book/nse.html)&#xa;    libwww&#xa;    lwp-trivial&#xa;    libcurl-agent/1.0&#xa;    PHP/&#xa;    Python-urllib/2.5&#xa;    GT::WWW&#xa;    Snoopy&#xa;    MFC_Tear_Sample&#xa;    HTTP::Lite&#xa;    PHPCrawl&#xa;    URI::Fetch&#xa;    Zend_Http_Client&#xa;    http client&#xa;    PECL::HTTP&#xa;    Wget/1.13.4 (linux-gnu)&#xa;    WWW-Mechanize/1.34"><elem key="Status for browser useragent">200</elem>
<table key="Allowed User Agents">
<elem>Mozilla/5.0 (compatible; Nmap Scripting Engine; https://nmap.org/book/nse.html)</elem>
<elem>libwww</elem>
<elem>lwp-trivial</elem>
<elem>libcurl-agent/1.0</elem>
<elem>PHP/</elem>
<elem>Python-urllib/2.5</elem>
<elem>GT::WWW</elem>
<elem>Snoopy</elem>
<elem>MFC_Tear_Sample</elem>
<elem>HTTP::Lite</elem>
<elem>PHPCrawl</elem>
<elem>URI::Fetch</elem>
<elem>Zend_Http_Client</elem>
<elem>http client</elem>
<elem>PECL::HTTP</elem>
<elem>Wget/1.13.4 (linux-gnu)</elem>
<elem>WWW-Mechanize/1.34</elem>
</table>
</script><script id="http-vhosts" output="&#xa;127 names had status 200"/><script id="http-vuln-cve2017-1001000" output="ERROR: Script execution failed (use -d to debug)"/><script id="http-wordpress-enum" output="Nothing found amongst the top 100 resources,use -&#45;script-args search-limit=&lt;number|all&gt; for deeper analysis)"/><script id="http-wordpress-users" output="[Error] Wordpress installation was not found. We couldn&apos;t find wp-login.php"/></port>
</ports>
<times srtt="264541" rttvar="264541" to="1322705"/>
</host>
<taskbegin task="NSE" time="1588262283"/>
<taskend task="NSE" time="1588262283"/>
<taskbegin task="NSE" time="1588262283"/>
<taskend task="NSE" time="1588262283"/>
<taskbegin task="NSE" time="1588262283"/>
<taskend task="NSE" time="1588262283"/>
<runstats><finished time="1588262283" timestr="Thu Apr 30 23:58:03 2020" elapsed="156.44" summary="Nmap done at Thu Apr 30 23:58:03 2020; 1 IP address (1 host up) scanned in 156.44 seconds" exit="success"/><hosts up="1" down="0" total="1"/>
</runstats>
</nmaprun>
