<?xml version="1.0" encoding="UTF-8"?>
<!DOCTYPE nmaprun>
<?xml-stylesheet href="file:///usr/bin/../share/nmap/nmap.xsl" type="text/xsl"?>
<!-- Nmap 7.80 scan initiated Thu Apr 30 23:57:48 2020 as: nmap -vv -&#45;reason -Pn -sV -p 3306 &quot;-&#45;script=banner,(mysql* or ssl*) and not (brute or broadcast or dos or external or fuzzer)&quot; -oN /root/AutoRecon/results/192.168.50.82/scans/tcp_3306_mysql_nmap.txt -oX /root/AutoRecon/results/192.168.50.82/scans/xml/tcp_3306_mysql_nmap.xml 192.168.50.82 -->
<nmaprun scanner="nmap" args="nmap -vv -&#45;reason -Pn -sV -p 3306 &quot;-&#45;script=banner,(mysql* or ssl*) and not (brute or broadcast or dos or external or fuzzer)&quot; -oN /root/AutoRecon/results/192.168.50.82/scans/tcp_3306_mysql_nmap.txt -oX /root/AutoRecon/results/192.168.50.82/scans/xml/tcp_3306_mysql_nmap.xml 192.168.50.82" start="1588262268" startstr="Thu Apr 30 23:57:48 2020" version="7.80" xmloutputversion="1.04">
<scaninfo type="syn" protocol="tcp" numservices="1" services="3306"/>
<verbose level="2"/>
<debugging level="0"/>
<taskbegin task="NSE" time="1588262278"/>
<taskend task="NSE" time="1588262278"/>
<taskbegin task="NSE" time="1588262278"/>
<taskend task="NSE" time="1588262278"/>
<taskbegin task="NSE" time="1588262278"/>
<taskend task="NSE" time="1588262278"/>
<taskbegin task="Parallel DNS resolution of 1 host." time="1588262278"/>
<taskend task="Parallel DNS resolution of 1 host." time="1588262278"/>
<taskbegin task="SYN Stealth Scan" time="1588262278"/>
<taskend task="SYN Stealth Scan" time="1588262279" extrainfo="1 total ports"/>
<taskbegin task="Service scan" time="1588262282"/>
<taskend task="Service scan" time="1588262283" extrainfo="1 service on 1 host"/>
<taskbegin task="NSE" time="1588262283"/>
<taskend task="NSE" time="1588262286"/>
<taskbegin task="NSE" time="1588262286"/>
<taskend task="NSE" time="1588262286"/>
<taskbegin task="NSE" time="1588262286"/>
<taskend task="NSE" time="1588262286"/>
<host starttime="1588262279" endtime="1588262286"><status state="up" reason="user-set" reason_ttl="0"/>
<address addr="192.168.50.82" addrtype="ipv4"/>
<hostnames>
<hostname name="192.168.50.82" type="PTR"/>
</hostnames>
<ports><port protocol="tcp" portid="3306"><state state="open" reason="syn-ack" reason_ttl="63"/><service name="mysql" product="MariaDB" extrainfo="unauthorized" method="probed" conf="10"><cpe>cpe:/a:mariadb:mariadb</cpe></service><script id="banner" output="H\x00\x00\x00\xFFj\x04Host &apos;192.168.19.50&apos; is not allowed to co&#xa;nnect to this MariaDB server"/><script id="mysql-empty-password" output="Host &apos;192.168.19.50&apos; is not allowed to connect to this MariaDB server"/><script id="mysql-vuln-cve2012-2122" output="ERROR: Script execution failed (use -d to debug)"/></port>
</ports>
<times srtt="540013" rttvar="540013" to="2700065"/>
</host>
<taskbegin task="NSE" time="1588262286"/>
<taskend task="NSE" time="1588262286"/>
<taskbegin task="NSE" time="1588262286"/>
<taskend task="NSE" time="1588262286"/>
<taskbegin task="NSE" time="1588262286"/>
<taskend task="NSE" time="1588262286"/>
<runstats><finished time="1588262286" timestr="Thu Apr 30 23:58:06 2020" elapsed="18.67" summary="Nmap done at Thu Apr 30 23:58:06 2020; 1 IP address (1 host up) scanned in 18.67 seconds" exit="success"/><hosts up="1" down="0" total="1"/>
</runstats>
</nmaprun>
