<?xml version="1.0" encoding="UTF-8"?>
<!DOCTYPE nmaprun>
<?xml-stylesheet href="file:///usr/bin/../share/nmap/nmap.xsl" type="text/xsl"?>
<!-- Nmap 7.80 scan initiated Thu Apr 30 23:56:39 2020 as: nmap -vv -&#45;reason -Pn -sV -p 3128 &quot;-&#45;script=banner,(http* or ssl*) and not (brute or broadcast or dos or external or http-slowloris* or fuzzer)&quot; -oN /root/AutoRecon/results/192.168.50.82/scans/tcp_3128_http_nmap.txt -oX /root/AutoRecon/results/192.168.50.82/scans/xml/tcp_3128_http_nmap.xml 192.168.50.82 -->
<nmaprun scanner="nmap" args="nmap -vv -&#45;reason -Pn -sV -p 3128 &quot;-&#45;script=banner,(http* or ssl*) and not (brute or broadcast or dos or external or http-slowloris* or fuzzer)&quot; -oN /root/AutoRecon/results/192.168.50.82/scans/tcp_3128_http_nmap.txt -oX /root/AutoRecon/results/192.168.50.82/scans/xml/tcp_3128_http_nmap.xml 192.168.50.82" start="1588262199" startstr="Thu Apr 30 23:56:39 2020" version="7.80" xmloutputversion="1.04">
<scaninfo type="syn" protocol="tcp" numservices="1" services="3128"/>
<verbose level="2"/>
<debugging level="0"/>
<taskbegin task="NSE" time="1588262221"/>
<taskend task="NSE" time="1588262221"/>
<taskbegin task="NSE" time="1588262221"/>
<taskend task="NSE" time="1588262221"/>
<taskbegin task="NSE" time="1588262221"/>
<taskend task="NSE" time="1588262221"/>
<taskbegin task="Parallel DNS resolution of 1 host." time="1588262222"/>
<taskend task="Parallel DNS resolution of 1 host." time="1588262222"/>
<taskbegin task="SYN Stealth Scan" time="1588262222"/>
<taskend task="SYN Stealth Scan" time="1588262222" extrainfo="1 total ports"/>
<taskbegin task="Service scan" time="1588262228"/>
<taskend task="Service scan" time="1588262241" extrainfo="1 service on 1 host"/>
<taskbegin task="NSE" time="1588262241"/>
<taskprogress task="NSE" time="1588262272" percent="96.93" remaining="1" etc="1588262273"/>
<taskprogress task="NSE" time="1588262302" percent="98.29" remaining="2" etc="1588262303"/>
<taskprogress task="NSE" time="1588262332" percent="98.63" remaining="2" etc="1588262333"/>
<taskprogress task="NSE" time="1588262362" percent="98.98" remaining="2" etc="1588262363"/>
<taskprogress task="NSE" time="1588262392" percent="98.98" remaining="2" etc="1588262394"/>
<taskprogress task="NSE" time="1588262422" percent="98.98" remaining="2" etc="1588262424"/>
<taskprogress task="NSE" time="1588262452" percent="98.98" remaining="3" etc="1588262454"/>
<taskprogress task="NSE" time="1588262482" percent="99.66" remaining="1" etc="1588262483"/>
<taskprogress task="NSE" time="1588262512" percent="99.66" remaining="1" etc="1588262513"/>
<taskprogress task="NSE" time="1588262542" percent="99.66" remaining="2" etc="1588262543"/>
<taskprogress task="NSE" time="1588262572" percent="99.66" remaining="2" etc="1588262573"/>
<taskprogress task="NSE" time="1588262602" percent="99.66" remaining="2" etc="1588262603"/>
<taskprogress task="NSE" time="1588262632" percent="99.66" remaining="2" etc="1588262633"/>
<taskprogress task="NSE" time="1588262662" percent="99.66" remaining="2" etc="1588262663"/>
<taskprogress task="NSE" time="1588262692" percent="99.66" remaining="2" etc="1588262694"/>
<taskprogress task="NSE" time="1588262722" percent="99.66" remaining="2" etc="1588262724"/>
<taskprogress task="NSE" time="1588262752" percent="99.66" remaining="2" etc="1588262754"/>
<taskprogress task="NSE" time="1588262782" percent="99.66" remaining="2" etc="1588262784"/>
<taskprogress task="NSE" time="1588262812" percent="99.66" remaining="2" etc="1588262814"/>
<taskprogress task="NSE" time="1588262842" percent="99.66" remaining="3" etc="1588262844"/>
<taskend task="NSE" time="1588262845"/>
<taskbegin task="NSE" time="1588262845"/>
<taskend task="NSE" time="1588262852"/>
<taskbegin task="NSE" time="1588262852"/>
<taskend task="NSE" time="1588262852"/>
<host starttime="1588262222" endtime="1588262852"><status state="up" reason="user-set" reason_ttl="0"/>
<address addr="192.168.50.82" addrtype="ipv4"/>
<hostnames>
<hostname name="192.168.50.82" type="PTR"/>
</hostnames>
<ports><port protocol="tcp" portid="3128"><state state="open" reason="syn-ack" reason_ttl="63"/><service name="http-proxy" product="Squid http proxy" version="3.5.23" method="probed" conf="10"><cpe>cpe:/a:squid-cache:squid:3.5.23</cpe></service><script id="http-chrono" output="Request times for /; avg: 1341.92ms; min: 1259.46ms; max: 1407.50ms"/><script id="http-date" output="Thu, 30 Apr 2020 15:57:41 GMT; +3s from local time."><elem key="date">2020-04-30T15:57:41+00:00</elem>
<elem key="delta">3.0</elem>
</script><script id="http-drupal-enum" output="Nothing found amongst the top 100 resources,use -&#45;script-args number=&lt;number|all&gt; for deeper analysis)"/><script id="http-fetch" output="Please enter the complete path of the directory to save data in."><elem key="ERROR">Please enter the complete path of the directory to save data in.</elem>
</script><script id="http-headers" output="&#xa;  Server: squid/3.5.23&#xa;  Mime-Version: 1.0&#xa;  Date: Thu, 30 Apr 2020 15:57:47 GMT&#xa;  Content-Type: text/html;charset=utf-8&#xa;  Content-Length: 3525&#xa;  X-Squid-Error: ERR_INVALID_URL 0&#xa;  Vary: Accept-Language&#xa;  Content-Language: en&#xa;  X-Cache: MISS from rocinante&#xa;  X-Cache-Lookup: NONE from rocinante:3128&#xa;  Via: 1.1 rocinante (squid/3.5.23)&#xa;  Connection: close&#xa;  &#xa;  (Request type: GET)&#xa;"/><script id="http-jsonp-detection" output="Couldn&apos;t find any JSONP endpoints."/><script id="http-litespeed-sourcecode-download" output="Request with null byte did not work. This web server might not be vulnerable"/><script id="http-malware-host" output="Host appears to be clean"/><script id="http-server-header" output="squid/3.5.23"><elem>squid/3.5.23</elem>
</script><script id="http-title" output="ERROR: The requested URL could not be retrieved"><elem key="title">ERROR: The requested URL could not be retrieved</elem>
</script><script id="http-vhosts" output="&#xa;127 names had status 400"/><script id="http-wordpress-enum" output="Nothing found amongst the top 100 resources,use -&#45;script-args search-limit=&lt;number|all&gt; for deeper analysis)"/><script id="http-wordpress-users" output="[Error] Wordpress installation was not found. We couldn&apos;t find wp-login.php"/></port>
</ports>
<times srtt="272351" rttvar="272351" to="1361755"/>
</host>
<taskbegin task="NSE" time="1588262852"/>
<taskend task="NSE" time="1588262852"/>
<taskbegin task="NSE" time="1588262852"/>
<taskend task="NSE" time="1588262852"/>
<taskbegin task="NSE" time="1588262852"/>
<taskend task="NSE" time="1588262852"/>
<runstats><finished time="1588262852" timestr="Fri May  1 00:07:32 2020" elapsed="654.16" summary="Nmap done at Fri May  1 00:07:32 2020; 1 IP address (1 host up) scanned in 654.16 seconds" exit="success"/><hosts up="1" down="0" total="1"/>
</runstats>
</nmaprun>
