<?xml version="1.0" encoding="UTF-8"?>
<!DOCTYPE nmaprun>
<?xml-stylesheet href="file:///usr/bin/../share/nmap/nmap.xsl" type="text/xsl"?>
<!-- Nmap 7.80 scan initiated Thu Apr 30 23:56:35 2020 as: nmap -vv -&#45;reason -Pn -sV -p 80 &quot;-&#45;script=banner,(http* or ssl*) and not (brute or broadcast or dos or external or http-slowloris* or fuzzer)&quot; -oN /root/AutoRecon/results/192.168.50.82/scans/tcp_80_http_nmap.txt -oX /root/AutoRecon/results/192.168.50.82/scans/xml/tcp_80_http_nmap.xml 192.168.50.82 -->
<nmaprun scanner="nmap" args="nmap -vv -&#45;reason -Pn -sV -p 80 &quot;-&#45;script=banner,(http* or ssl*) and not (brute or broadcast or dos or external or http-slowloris* or fuzzer)&quot; -oN /root/AutoRecon/results/192.168.50.82/scans/tcp_80_http_nmap.txt -oX /root/AutoRecon/results/192.168.50.82/scans/xml/tcp_80_http_nmap.xml 192.168.50.82" start="1588262195" startstr="Thu Apr 30 23:56:35 2020" version="7.80" xmloutputversion="1.04">
<scaninfo type="syn" protocol="tcp" numservices="1" services="80"/>
<verbose level="2"/>
<debugging level="0"/>
<taskbegin task="NSE" time="1588262214"/>
<taskend task="NSE" time="1588262214"/>
<taskbegin task="NSE" time="1588262214"/>
<taskend task="NSE" time="1588262214"/>
<taskbegin task="NSE" time="1588262214"/>
<taskend task="NSE" time="1588262214"/>
<taskbegin task="Parallel DNS resolution of 1 host." time="1588262215"/>
<taskend task="Parallel DNS resolution of 1 host." time="1588262215"/>
<taskbegin task="SYN Stealth Scan" time="1588262215"/>
<taskend task="SYN Stealth Scan" time="1588262216" extrainfo="1 total ports"/>
<taskbegin task="Service scan" time="1588262222"/>
<taskend task="Service scan" time="1588262229" extrainfo="1 service on 1 host"/>
<taskbegin task="NSE" time="1588262229"/>
<taskprogress task="NSE" time="1588262260" percent="86.84" remaining="5" etc="1588262265"/>
<taskprogress task="NSE" time="1588262290" percent="98.69" remaining="1" etc="1588262291"/>
<taskprogress task="NSE" time="1588262320" percent="99.67" remaining="1" etc="1588262320"/>
<taskend task="NSE" time="1588262340"/>
<taskbegin task="NSE" time="1588262340"/>
<taskend task="NSE" time="1588262341"/>
<taskbegin task="NSE" time="1588262341"/>
<taskend task="NSE" time="1588262341"/>
<host starttime="1588262215" endtime="1588262341"><status state="up" reason="user-set" reason_ttl="0"/>
<address addr="192.168.50.82" addrtype="ipv4"/>
<hostnames>
<hostname name="192.168.50.82" type="PTR"/>
</hostnames>
<ports><port protocol="tcp" portid="80"><state state="open" reason="syn-ack" reason_ttl="63"/><service name="http" product="Apache httpd" version="2.4.25" extrainfo="(Debian)" method="probed" conf="10"><cpe>cpe:/a:apache:http_server:2.4.25</cpe></service><script id="http-chrono" output="Request times for /; avg: 1466.98ms; min: 1011.00ms; max: 1980.09ms"/><script id="http-comments-displayer" output="Couldn&apos;t find any comments."/><script id="http-csrf" output="Couldn&apos;t find any CSRF vulnerabilities."/><script id="http-date" output="Thu, 30 Apr 2020 15:57:31 GMT; +2s from local time."><elem key="date">2020-04-30T15:57:31+00:00</elem>
<elem key="delta">2.0</elem>
</script><script id="http-devframework" output="Couldn&apos;t determine the underlying framework or CMS. Try increasing &apos;httpspider.maxpagecount&apos; value to spider more pages."/><script id="http-dombased-xss" output="Couldn&apos;t find any DOM based XSS."/><script id="http-drupal-enum" output="Nothing found amongst the top 100 resources,use -&#45;script-args number=&lt;number|all&gt; for deeper analysis)"/><script id="http-errors" output="Couldn&apos;t find any error pages."/><script id="http-exif-spider" output="ERROR: Script execution failed (use -d to debug)"/><script id="http-feed" output="Couldn&apos;t find any feeds."/><script id="http-fetch" output="Please enter the complete path of the directory to save data in."><elem key="ERROR">Please enter the complete path of the directory to save data in.</elem>
</script><script id="http-headers" output="&#xa;  Date: Thu, 30 Apr 2020 15:57:22 GMT&#xa;  Server: Apache/2.4.25 (Debian)&#xa;  Last-Modified: Fri, 08 Mar 2019 16:45:48 GMT&#xa;  ETag: &quot;202-58397f477d751&quot;&#xa;  Accept-Ranges: bytes&#xa;  Content-Length: 514&#xa;  Vary: Accept-Encoding&#xa;  Connection: close&#xa;  Content-Type: text/html&#xa;  &#xa;  (Request type: HEAD)&#xa;"/><script id="http-jsonp-detection" output="Couldn&apos;t find any JSONP endpoints."/><script id="http-litespeed-sourcecode-download" output="Request with null byte did not work. This web server might not be vulnerable"/><script id="http-malware-host" output="Host appears to be clean"/><script id="http-methods" output="&#xa;  Supported Methods: GET HEAD POST OPTIONS"><table key="Supported Methods">
<elem>GET</elem>
<elem>HEAD</elem>
<elem>POST</elem>
<elem>OPTIONS</elem>
</table>
</script><script id="http-mobileversion-checker" output="No mobile version detected."/><script id="http-php-version" output="Logo query returned unknown hash 676198367cf6a599c57942dacf391db2&#xa;Credits query returned unknown hash 676198367cf6a599c57942dacf391db2"/><script id="http-referer-checker" output="Couldn&apos;t find any cross-domain scripts."/><script id="http-security-headers" output="&#xa;"></script><script id="http-server-header" output="Apache/2.4.25 (Debian)"><elem>Apache/2.4.25 (Debian)</elem>
</script><script id="http-sitemap-generator" output="&#xa;  Directory structure:&#xa;    /&#xa;      Other: 1; jpg: 1&#xa;  Longest directory structure:&#xa;    Depth: 0&#xa;    Dir: /&#xa;  Total files found (by extension):&#xa;    Other: 1; jpg: 1&#xa;"/><script id="http-stored-xss" output="Couldn&apos;t find any stored XSS vulnerabilities."/><script id="http-title" output="Rocinante"><elem key="title">Rocinante</elem>
</script><script id="http-useragent-tester" output="&#xa;  Status for browser useragent: 200&#xa;  Allowed User Agents: &#xa;    Mozilla/5.0 (compatible; Nmap Scripting Engine; https://nmap.org/book/nse.html)&#xa;    libwww&#xa;    lwp-trivial&#xa;    libcurl-agent/1.0&#xa;    PHP/&#xa;    Python-urllib/2.5&#xa;    GT::WWW&#xa;    Snoopy&#xa;    MFC_Tear_Sample&#xa;    HTTP::Lite&#xa;    PHPCrawl&#xa;    URI::Fetch&#xa;    Zend_Http_Client&#xa;    http client&#xa;    PECL::HTTP&#xa;    Wget/1.13.4 (linux-gnu)&#xa;    WWW-Mechanize/1.34"><elem key="Status for browser useragent">200</elem>
<table key="Allowed User Agents">
<elem>Mozilla/5.0 (compatible; Nmap Scripting Engine; https://nmap.org/book/nse.html)</elem>
<elem>libwww</elem>
<elem>lwp-trivial</elem>
<elem>libcurl-agent/1.0</elem>
<elem>PHP/</elem>
<elem>Python-urllib/2.5</elem>
<elem>GT::WWW</elem>
<elem>Snoopy</elem>
<elem>MFC_Tear_Sample</elem>
<elem>HTTP::Lite</elem>
<elem>PHPCrawl</elem>
<elem>URI::Fetch</elem>
<elem>Zend_Http_Client</elem>
<elem>http client</elem>
<elem>PECL::HTTP</elem>
<elem>Wget/1.13.4 (linux-gnu)</elem>
<elem>WWW-Mechanize/1.34</elem>
</table>
</script><script id="http-vhosts" output="&#xa;127 names had status 200"/><script id="http-wordpress-enum" output="Nothing found amongst the top 100 resources,use -&#45;script-args search-limit=&lt;number|all&gt; for deeper analysis)"/><script id="http-wordpress-users" output="[Error] Wordpress installation was not found. We couldn&apos;t find wp-login.php"/></port>
</ports>
<times srtt="596466" rttvar="596466" to="2982330"/>
</host>
<taskbegin task="NSE" time="1588262341"/>
<taskend task="NSE" time="1588262341"/>
<taskbegin task="NSE" time="1588262341"/>
<taskend task="NSE" time="1588262341"/>
<taskbegin task="NSE" time="1588262341"/>
<taskend task="NSE" time="1588262341"/>
<runstats><finished time="1588262341" timestr="Thu Apr 30 23:59:01 2020" elapsed="147.37" summary="Nmap done at Thu Apr 30 23:59:01 2020; 1 IP address (1 host up) scanned in 147.37 seconds" exit="success"/><hosts up="1" down="0" total="1"/>
</runstats>
</nmaprun>
