<?xml version="1.0" encoding="UTF-8"?>
<!DOCTYPE nmaprun>
<?xml-stylesheet href="file:///usr/bin/../share/nmap/nmap.xsl" type="text/xsl"?>
<!-- Nmap 7.80 scan initiated Thu Apr 30 23:56:35 2020 as: nmap -vv -&#45;reason -Pn -sV -p 25 &quot;-&#45;script=banner,(smtp* or ssl*) and not (brute or broadcast or dos or external or fuzzer)&quot; -oN /root/AutoRecon/results/192.168.50.82/scans/tcp_25_smtp_nmap.txt -oX /root/AutoRecon/results/192.168.50.82/scans/xml/tcp_25_smtp_nmap.xml 192.168.50.82 -->
<nmaprun scanner="nmap" args="nmap -vv -&#45;reason -Pn -sV -p 25 &quot;-&#45;script=banner,(smtp* or ssl*) and not (brute or broadcast or dos or external or fuzzer)&quot; -oN /root/AutoRecon/results/192.168.50.82/scans/tcp_25_smtp_nmap.txt -oX /root/AutoRecon/results/192.168.50.82/scans/xml/tcp_25_smtp_nmap.xml 192.168.50.82" start="1588262195" startstr="Thu Apr 30 23:56:35 2020" version="7.80" xmloutputversion="1.04">
<scaninfo type="syn" protocol="tcp" numservices="1" services="25"/>
<verbose level="2"/>
<debugging level="0"/>
<taskbegin task="NSE" time="1588262213"/>
<taskend task="NSE" time="1588262213"/>
<taskbegin task="NSE" time="1588262213"/>
<taskend task="NSE" time="1588262213"/>
<taskbegin task="NSE" time="1588262213"/>
<taskend task="NSE" time="1588262213"/>
<taskbegin task="Parallel DNS resolution of 1 host." time="1588262214"/>
<taskend task="Parallel DNS resolution of 1 host." time="1588262214"/>
<taskbegin task="SYN Stealth Scan" time="1588262214"/>
<taskend task="SYN Stealth Scan" time="1588262215" extrainfo="1 total ports"/>
<taskbegin task="Service scan" time="1588262221"/>
<taskend task="Service scan" time="1588262222" extrainfo="1 service on 1 host"/>
<taskbegin task="NSE" time="1588262222"/>
<taskend task="NSE" time="1588262227"/>
<taskbegin task="NSE" time="1588262227"/>
<taskprogress task="NSE" time="1588262258" percent="66.67" remaining="16" etc="1588262273"/>
<taskprogress task="NSE" time="1588262288" percent="73.33" remaining="23" etc="1588262310"/>
<taskprogress task="NSE" time="1588262318" percent="80.00" remaining="23" etc="1588262341"/>
<taskprogress task="NSE" time="1588262348" percent="86.67" remaining="19" etc="1588262367"/>
<taskprogress task="NSE" time="1588262378" percent="86.67" remaining="24" etc="1588262401"/>
<taskend task="NSE" time="1588262389"/>
<taskbegin task="NSE" time="1588262389"/>
<taskend task="NSE" time="1588262395"/>
<host starttime="1588262214" endtime="1588262395"><status state="up" reason="user-set" reason_ttl="0"/>
<address addr="192.168.50.82" addrtype="ipv4"/>
<hostnames>
<hostname name="192.168.50.82" type="PTR"/>
</hostnames>
<ports><port protocol="tcp" portid="25"><state state="open" reason="syn-ack" reason_ttl="63"/><service name="smtp" product="Postfix smtpd" hostname=" rocinante.localdomain" method="probed" conf="10"><cpe>cpe:/a:postfix:postfix</cpe></service><script id="banner" output="220 rocinante.localdomain ESMTP Postfix (Debian/GNU)"/><script id="smtp-commands" output="rocinante.localdomain, PIPELINING, SIZE 10240000, VRFY, ETRN, STARTTLS, ENHANCEDSTATUSCODES, 8BITMIME, DSN, SMTPUTF8, "/><script id="smtp-vuln-cve2010-4344" output="&#xa;  The SMTP server is not Exim: NOT VULNERABLE&#xa;"/><script id="ssl-cert" output="Subject: commonName=rocinante&#xa;Subject Alternative Name: DNS:rocinante&#xa;Issuer: commonName=rocinante&#xa;Public Key type: rsa&#xa;Public Key bits: 2048&#xa;Signature Algorithm: sha256WithRSAEncryption&#xa;Not valid before: 2019-03-08T16:34:50&#xa;Not valid after:  2029-03-05T16:34:50&#xa;MD5:   0836 7502 335f fdd7 bcbd ed53 6248 2f61&#xa;SHA-1: 1879 8125 14fc e60b 70d3 1aad 5f50 b142 39e1 0e3e&#xa;-&#45;&#45;&#45;&#45;BEGIN CERTIFICATE-&#45;&#45;&#45;&#45;&#xa;MIICzjCCAbagAwIBAgIJAKK4i50yZDI1MA0GCSqGSIb3DQEBCwUAMBQxEjAQBgNV&#xa;BAMMCXJvY2luYW50ZTAeFw0xOTAzMDgxNjM0NTBaFw0yOTAzMDUxNjM0NTBaMBQx&#xa;EjAQBgNVBAMMCXJvY2luYW50ZTCCASIwDQYJKoZIhvcNAQEBBQADggEPADCCAQoC&#xa;ggEBAO+w+tn3HuOuFLMZ8gcyaUqInY/J/3birl31Va0KuBt+4cM4wQEdDy/dYwtl&#xa;J6oN4Dk7e3NfEkJeVn+Z1elAZOjaWMMQ/Ccbt2h5cMbndwGSz1uV/hW3vuVVrl/I&#xa;rYTZh01G5z7ncyFoOsjdb/V4IpU+hrlLDVyH7Xnf7+eq/n8VthUeMd4O36PmGg74&#xa;ZfAVLCODGeaPk2d70UEaXlExTp/KDdNP6sXEhYQEgKXJo1Npaf/USxFfLWip7lh1&#xa;jywPB0JJqd6uNtg3vcL2spN04lEahUsH/3m6sRoIOFzmoxVXYDhA8IEXMpxTfHpG&#xa;EzbPN5SmSZ4qRFCTecW4oEc7iu0CAwEAAaMjMCEwCQYDVR0TBAIwADAUBgNVHREE&#xa;DTALgglyb2NpbmFudGUwDQYJKoZIhvcNAQELBQADggEBANTfTFF8TZUi54F6m0aw&#xa;5FIGu6Jrb6eCAv7VGP49ZAKSkVZ70I2wnt/jey12nTmzn7IDhMOcDzfwWo9i45xc&#xa;jGYkvGtBzftuOkqjH3zqsSgWD9HXvIObJ55cGC32EwJXv/d3ksC/9e2roQAM/X/C&#xa;RAtDVuf7wg4xhC3zz0T4rw25Ung+UEy93d5q4avcwS5e2nJBYH1AI3DjGaivVeFi&#xa;hhLYnCVvWlfiM7EN5igK1c5Zrb8RX3jZmhWXGIoWTCq+c/RsA0QLzR8/vJEzDDJS&#xa;DLQgzwg27gHqUVS7vm7tJ09oPB+10FBvD1PDcV5GQGJicx/70eDTXidFZW+PENSH&#xa;48E=&#xa;-&#45;&#45;&#45;&#45;END CERTIFICATE-&#45;&#45;&#45;&#45;&#xa;"><table key="subject">
<elem key="commonName">rocinante</elem>
</table>
<table key="issuer">
<elem key="commonName">rocinante</elem>
</table>
<table key="pubkey">
<elem key="bits">2048</elem>
<elem key="modulus">userdata: 0x2d9cb18</elem>
<elem key="exponent">userdata: 0x2d9cae8</elem>
<elem key="type">rsa</elem>
</table>
<table key="extensions">
<table>
<elem key="name">X509v3 Basic Constraints</elem>
<elem key="value">CA:FALSE</elem>
</table>
<table>
<elem key="name">X509v3 Subject Alternative Name</elem>
<elem key="value">DNS:rocinante</elem>
</table>
</table>
<elem key="sig_algo">sha256WithRSAEncryption</elem>
<table key="validity">
<elem key="notBefore">2019-03-08T16:34:50</elem>
<elem key="notAfter">2029-03-05T16:34:50</elem>
</table>
<elem key="md5">08367502335ffdd7bcbded5362482f61</elem>
<elem key="sha1">1879812514fce60b70d31aad5f50b14239e10e3e</elem>
<elem key="pem">-&#45;&#45;&#45;&#45;BEGIN CERTIFICATE-&#45;&#45;&#45;&#45;&#xa;MIICzjCCAbagAwIBAgIJAKK4i50yZDI1MA0GCSqGSIb3DQEBCwUAMBQxEjAQBgNV&#xa;BAMMCXJvY2luYW50ZTAeFw0xOTAzMDgxNjM0NTBaFw0yOTAzMDUxNjM0NTBaMBQx&#xa;EjAQBgNVBAMMCXJvY2luYW50ZTCCASIwDQYJKoZIhvcNAQEBBQADggEPADCCAQoC&#xa;ggEBAO+w+tn3HuOuFLMZ8gcyaUqInY/J/3birl31Va0KuBt+4cM4wQEdDy/dYwtl&#xa;J6oN4Dk7e3NfEkJeVn+Z1elAZOjaWMMQ/Ccbt2h5cMbndwGSz1uV/hW3vuVVrl/I&#xa;rYTZh01G5z7ncyFoOsjdb/V4IpU+hrlLDVyH7Xnf7+eq/n8VthUeMd4O36PmGg74&#xa;ZfAVLCODGeaPk2d70UEaXlExTp/KDdNP6sXEhYQEgKXJo1Npaf/USxFfLWip7lh1&#xa;jywPB0JJqd6uNtg3vcL2spN04lEahUsH/3m6sRoIOFzmoxVXYDhA8IEXMpxTfHpG&#xa;EzbPN5SmSZ4qRFCTecW4oEc7iu0CAwEAAaMjMCEwCQYDVR0TBAIwADAUBgNVHREE&#xa;DTALgglyb2NpbmFudGUwDQYJKoZIhvcNAQELBQADggEBANTfTFF8TZUi54F6m0aw&#xa;5FIGu6Jrb6eCAv7VGP49ZAKSkVZ70I2wnt/jey12nTmzn7IDhMOcDzfwWo9i45xc&#xa;jGYkvGtBzftuOkqjH3zqsSgWD9HXvIObJ55cGC32EwJXv/d3ksC/9e2roQAM/X/C&#xa;RAtDVuf7wg4xhC3zz0T4rw25Ung+UEy93d5q4avcwS5e2nJBYH1AI3DjGaivVeFi&#xa;hhLYnCVvWlfiM7EN5igK1c5Zrb8RX3jZmhWXGIoWTCq+c/RsA0QLzR8/vJEzDDJS&#xa;DLQgzwg27gHqUVS7vm7tJ09oPB+10FBvD1PDcV5GQGJicx/70eDTXidFZW+PENSH&#xa;48E=&#xa;-&#45;&#45;&#45;&#45;END CERTIFICATE-&#45;&#45;&#45;&#45;&#xa;</elem>
</script><script id="ssl-date" output="TLS randomness does not represent time"></script><script id="ssl-dh-params" output="&#xa;  VULNERABLE:&#xa;  Anonymous Diffie-Hellman Key Exchange MitM Vulnerability&#xa;    State: VULNERABLE&#xa;      Transport Layer Security (TLS) services that use anonymous&#xa;      Diffie-Hellman key exchange only provide protection against passive&#xa;      eavesdropping, and are vulnerable to active man-in-the-middle attacks&#xa;      which could completely compromise the confidentiality and integrity&#xa;      of any data exchanged over the resulting session.&#xa;    Check results:&#xa;      ANONYMOUS DH GROUP 1&#xa;            Cipher Suite: TLS_DH_anon_WITH_AES_128_CBC_SHA&#xa;            Modulus Type: Safe prime&#xa;            Modulus Source: Unknown/Custom-generated&#xa;            Modulus Length: 2048&#xa;            Generator Length: 8&#xa;            Public Key Length: 2048&#xa;    References:&#xa;      https://www.ietf.org/rfc/rfc2246.txt&#xa;"><table key="NMAP-3">
<elem key="title">Anonymous Diffie-Hellman Key Exchange MitM Vulnerability</elem>
<elem key="state">VULNERABLE</elem>
<table key="description">
<elem>Transport Layer Security (TLS) services that use anonymous&#xa;Diffie-Hellman key exchange only provide protection against passive&#xa;eavesdropping, and are vulnerable to active man-in-the-middle attacks&#xa;which could completely compromise the confidentiality and integrity&#xa;of any data exchanged over the resulting session.</elem>
</table>
<table key="check_results">
<elem>ANONYMOUS DH GROUP 1&#xa;      Cipher Suite: TLS_DH_anon_WITH_AES_128_CBC_SHA&#xa;      Modulus Type: Safe prime&#xa;      Modulus Source: Unknown/Custom-generated&#xa;      Modulus Length: 2048&#xa;      Generator Length: 8&#xa;      Public Key Length: 2048</elem>
</table>
<table key="refs">
<elem>https://www.ietf.org/rfc/rfc2246.txt</elem>
</table>
</table>
</script><script id="ssl-enum-ciphers" output="&#xa;  TLSv1.0: &#xa;    ciphers: &#xa;      TLS_DHE_RSA_WITH_AES_128_CBC_SHA (dh 2048) - A&#xa;      TLS_DHE_RSA_WITH_AES_256_CBC_SHA (dh 2048) - A&#xa;      TLS_DHE_RSA_WITH_CAMELLIA_128_CBC_SHA (dh 2048) - A&#xa;      TLS_DHE_RSA_WITH_CAMELLIA_256_CBC_SHA (dh 2048) - A&#xa;      TLS_DHE_RSA_WITH_SEED_CBC_SHA (dh 2048) - A&#xa;      TLS_DH_anon_WITH_AES_128_CBC_SHA - F&#xa;      TLS_DH_anon_WITH_AES_256_CBC_SHA - F&#xa;      TLS_DH_anon_WITH_CAMELLIA_128_CBC_SHA - F&#xa;      TLS_DH_anon_WITH_CAMELLIA_256_CBC_SHA - F&#xa;      TLS_DH_anon_WITH_SEED_CBC_SHA - F&#xa;      TLS_ECDHE_RSA_WITH_AES_128_CBC_SHA (secp256r1) - A&#xa;      TLS_ECDHE_RSA_WITH_AES_256_CBC_SHA (secp256r1) - A&#xa;      TLS_ECDH_anon_WITH_AES_128_CBC_SHA - F&#xa;      TLS_ECDH_anon_WITH_AES_256_CBC_SHA - F&#xa;      TLS_RSA_WITH_AES_128_CBC_SHA (rsa 2048) - A&#xa;      TLS_RSA_WITH_AES_256_CBC_SHA (rsa 2048) - A&#xa;      TLS_RSA_WITH_CAMELLIA_128_CBC_SHA (rsa 2048) - A&#xa;      TLS_RSA_WITH_CAMELLIA_256_CBC_SHA (rsa 2048) - A&#xa;      TLS_RSA_WITH_SEED_CBC_SHA (rsa 2048) - A&#xa;    compressors: &#xa;      NULL&#xa;    cipher preference: client&#xa;  TLSv1.1: &#xa;    ciphers: &#xa;      TLS_DHE_RSA_WITH_AES_128_CBC_SHA (dh 2048) - A&#xa;      TLS_DHE_RSA_WITH_AES_256_CBC_SHA (dh 2048) - A&#xa;      TLS_DHE_RSA_WITH_CAMELLIA_128_CBC_SHA (dh 2048) - A&#xa;      TLS_DHE_RSA_WITH_CAMELLIA_256_CBC_SHA (dh 2048) - A&#xa;      TLS_DHE_RSA_WITH_SEED_CBC_SHA (dh 2048) - A&#xa;      TLS_DH_anon_WITH_AES_128_CBC_SHA - F&#xa;      TLS_DH_anon_WITH_AES_256_CBC_SHA - F&#xa;      TLS_DH_anon_WITH_CAMELLIA_128_CBC_SHA - F&#xa;      TLS_DH_anon_WITH_CAMELLIA_256_CBC_SHA - F&#xa;      TLS_DH_anon_WITH_SEED_CBC_SHA - F&#xa;      TLS_ECDHE_RSA_WITH_AES_128_CBC_SHA (secp256r1) - A&#xa;      TLS_ECDHE_RSA_WITH_AES_256_CBC_SHA (secp256r1) - A&#xa;      TLS_ECDH_anon_WITH_AES_128_CBC_SHA - F&#xa;      TLS_ECDH_anon_WITH_AES_256_CBC_SHA - F&#xa;      TLS_RSA_WITH_AES_128_CBC_SHA (rsa 2048) - A&#xa;      TLS_RSA_WITH_AES_256_CBC_SHA (rsa 2048) - A&#xa;      TLS_RSA_WITH_CAMELLIA_128_CBC_SHA (rsa 2048) - A&#xa;      TLS_RSA_WITH_CAMELLIA_256_CBC_SHA (rsa 2048) - A&#xa;      TLS_RSA_WITH_SEED_CBC_SHA (rsa 2048) - A&#xa;    compressors: &#xa;      NULL&#xa;    cipher preference: client&#xa;  TLSv1.2: &#xa;    ciphers: &#xa;      TLS_DHE_RSA_WITH_AES_128_CBC_SHA (dh 2048) - A&#xa;      TLS_DHE_RSA_WITH_AES_128_CBC_SHA256 (dh 2048) - A&#xa;      TLS_DHE_RSA_WITH_AES_128_CCM (dh 2048) - A&#xa;      TLS_DHE_RSA_WITH_AES_128_CCM_8 (dh 2048) - A&#xa;      TLS_DHE_RSA_WITH_AES_128_GCM_SHA256 (dh 2048) - A&#xa;      TLS_DHE_RSA_WITH_AES_256_CBC_SHA (dh 2048) - A&#xa;      TLS_DHE_RSA_WITH_AES_256_CBC_SHA256 (dh 2048) - A&#xa;      TLS_DHE_RSA_WITH_AES_256_CCM (dh 2048) - A&#xa;      TLS_DHE_RSA_WITH_AES_256_CCM_8 (dh 2048) - A&#xa;      TLS_DHE_RSA_WITH_AES_256_GCM_SHA384 (dh 2048) - A&#xa;      TLS_DHE_RSA_WITH_CAMELLIA_128_CBC_SHA (dh 2048) - A&#xa;      TLS_DHE_RSA_WITH_CAMELLIA_128_CBC_SHA256 (dh 2048) - A&#xa;      TLS_DHE_RSA_WITH_CAMELLIA_256_CBC_SHA (dh 2048) - A&#xa;      TLS_DHE_RSA_WITH_CAMELLIA_256_CBC_SHA256 (dh 2048) - A&#xa;      TLS_DHE_RSA_WITH_CHACHA20_POLY1305_SHA256 (dh 2048) - A&#xa;      TLS_DHE_RSA_WITH_SEED_CBC_SHA (dh 2048) - A&#xa;      TLS_DH_anon_WITH_AES_128_CBC_SHA - F&#xa;      TLS_DH_anon_WITH_AES_128_CBC_SHA256 - F&#xa;      TLS_DH_anon_WITH_AES_128_GCM_SHA256 - F&#xa;      TLS_DH_anon_WITH_AES_256_CBC_SHA - F&#xa;      TLS_DH_anon_WITH_AES_256_CBC_SHA256 - F&#xa;      TLS_DH_anon_WITH_AES_256_GCM_SHA384 - F&#xa;      TLS_DH_anon_WITH_CAMELLIA_128_CBC_SHA - F&#xa;      TLS_DH_anon_WITH_CAMELLIA_128_CBC_SHA256 - F&#xa;      TLS_DH_anon_WITH_CAMELLIA_256_CBC_SHA - F&#xa;      TLS_DH_anon_WITH_CAMELLIA_256_CBC_SHA256 - F&#xa;      TLS_DH_anon_WITH_SEED_CBC_SHA - F&#xa;      TLS_ECDHE_RSA_WITH_AES_128_CBC_SHA (secp256r1) - A&#xa;      TLS_ECDHE_RSA_WITH_AES_128_CBC_SHA256 (secp256r1) - A&#xa;      TLS_ECDHE_RSA_WITH_AES_128_GCM_SHA256 (secp256r1) - A&#xa;      TLS_ECDHE_RSA_WITH_AES_256_CBC_SHA (secp256r1) - A&#xa;      TLS_ECDHE_RSA_WITH_AES_256_CBC_SHA384 (secp256r1) - A&#xa;      TLS_ECDHE_RSA_WITH_AES_256_GCM_SHA384 (secp256r1) - A&#xa;      TLS_ECDHE_RSA_WITH_CAMELLIA_128_CBC_SHA256 (secp256r1) - A&#xa;      TLS_ECDHE_RSA_WITH_CAMELLIA_256_CBC_SHA384 (secp256r1) - A&#xa;      TLS_ECDHE_RSA_WITH_CHACHA20_POLY1305_SHA256 (secp256r1) - A&#xa;      TLS_ECDH_anon_WITH_AES_128_CBC_SHA - F&#xa;      TLS_ECDH_anon_WITH_AES_256_CBC_SHA - F&#xa;      TLS_RSA_WITH_AES_128_CBC_SHA (rsa 2048) - A&#xa;      TLS_RSA_WITH_AES_128_CBC_SHA256 (rsa 2048) - A&#xa;      TLS_RSA_WITH_AES_128_CCM (rsa 2048) - A&#xa;      TLS_RSA_WITH_AES_128_CCM_8 (rsa 2048) - A&#xa;      TLS_RSA_WITH_AES_128_GCM_SHA256 (rsa 2048) - A&#xa;      TLS_RSA_WITH_AES_256_CBC_SHA (rsa 2048) - A&#xa;      TLS_RSA_WITH_AES_256_CBC_SHA256 (rsa 2048) - A&#xa;      TLS_RSA_WITH_AES_256_CCM (rsa 2048) - A&#xa;      TLS_RSA_WITH_AES_256_CCM_8 (rsa 2048) - A&#xa;      TLS_RSA_WITH_AES_256_GCM_SHA384 (rsa 2048) - A&#xa;      TLS_RSA_WITH_CAMELLIA_128_CBC_SHA (rsa 2048) - A&#xa;      TLS_RSA_WITH_CAMELLIA_128_CBC_SHA256 (rsa 2048) - A&#xa;      TLS_RSA_WITH_CAMELLIA_256_CBC_SHA (rsa 2048) - A&#xa;      TLS_RSA_WITH_CAMELLIA_256_CBC_SHA256 (rsa 2048) - A&#xa;      TLS_RSA_WITH_SEED_CBC_SHA (rsa 2048) - A&#xa;    compressors: &#xa;      NULL&#xa;    cipher preference: client&#xa;  least strength: F"><table key="TLSv1.0">
<table key="ciphers">
<table>
<elem key="name">TLS_DHE_RSA_WITH_AES_128_CBC_SHA</elem>
<elem key="strength">A</elem>
<elem key="kex_info">dh 2048</elem>
</table>
<table>
<elem key="name">TLS_DHE_RSA_WITH_AES_256_CBC_SHA</elem>
<elem key="strength">A</elem>
<elem key="kex_info">dh 2048</elem>
</table>
<table>
<elem key="name">TLS_DHE_RSA_WITH_CAMELLIA_128_CBC_SHA</elem>
<elem key="strength">A</elem>
<elem key="kex_info">dh 2048</elem>
</table>
<table>
<elem key="name">TLS_DHE_RSA_WITH_CAMELLIA_256_CBC_SHA</elem>
<elem key="strength">A</elem>
<elem key="kex_info">dh 2048</elem>
</table>
<table>
<elem key="name">TLS_DHE_RSA_WITH_SEED_CBC_SHA</elem>
<elem key="strength">A</elem>
<elem key="kex_info">dh 2048</elem>
</table>
<table>
<elem key="name">TLS_DH_anon_WITH_AES_128_CBC_SHA</elem>
<elem key="strength">F</elem>
</table>
<table>
<elem key="name">TLS_DH_anon_WITH_AES_256_CBC_SHA</elem>
<elem key="strength">F</elem>
</table>
<table>
<elem key="name">TLS_DH_anon_WITH_CAMELLIA_128_CBC_SHA</elem>
<elem key="strength">F</elem>
</table>
<table>
<elem key="name">TLS_DH_anon_WITH_CAMELLIA_256_CBC_SHA</elem>
<elem key="strength">F</elem>
</table>
<table>
<elem key="name">TLS_DH_anon_WITH_SEED_CBC_SHA</elem>
<elem key="strength">F</elem>
</table>
<table>
<elem key="name">TLS_ECDHE_RSA_WITH_AES_128_CBC_SHA</elem>
<elem key="strength">A</elem>
<elem key="kex_info">secp256r1</elem>
</table>
<table>
<elem key="name">TLS_ECDHE_RSA_WITH_AES_256_CBC_SHA</elem>
<elem key="strength">A</elem>
<elem key="kex_info">secp256r1</elem>
</table>
<table>
<elem key="name">TLS_ECDH_anon_WITH_AES_128_CBC_SHA</elem>
<elem key="strength">F</elem>
</table>
<table>
<elem key="name">TLS_ECDH_anon_WITH_AES_256_CBC_SHA</elem>
<elem key="strength">F</elem>
</table>
<table>
<elem key="name">TLS_RSA_WITH_AES_128_CBC_SHA</elem>
<elem key="strength">A</elem>
<elem key="kex_info">rsa 2048</elem>
</table>
<table>
<elem key="name">TLS_RSA_WITH_AES_256_CBC_SHA</elem>
<elem key="strength">A</elem>
<elem key="kex_info">rsa 2048</elem>
</table>
<table>
<elem key="name">TLS_RSA_WITH_CAMELLIA_128_CBC_SHA</elem>
<elem key="strength">A</elem>
<elem key="kex_info">rsa 2048</elem>
</table>
<table>
<elem key="name">TLS_RSA_WITH_CAMELLIA_256_CBC_SHA</elem>
<elem key="strength">A</elem>
<elem key="kex_info">rsa 2048</elem>
</table>
<table>
<elem key="name">TLS_RSA_WITH_SEED_CBC_SHA</elem>
<elem key="strength">A</elem>
<elem key="kex_info">rsa 2048</elem>
</table>
</table>
<table key="compressors">
<elem>NULL</elem>
</table>
<elem key="cipher preference">client</elem>
</table>
<table key="TLSv1.1">
<table key="ciphers">
<table>
<elem key="name">TLS_DHE_RSA_WITH_AES_128_CBC_SHA</elem>
<elem key="strength">A</elem>
<elem key="kex_info">dh 2048</elem>
</table>
<table>
<elem key="name">TLS_DHE_RSA_WITH_AES_256_CBC_SHA</elem>
<elem key="strength">A</elem>
<elem key="kex_info">dh 2048</elem>
</table>
<table>
<elem key="name">TLS_DHE_RSA_WITH_CAMELLIA_128_CBC_SHA</elem>
<elem key="strength">A</elem>
<elem key="kex_info">dh 2048</elem>
</table>
<table>
<elem key="name">TLS_DHE_RSA_WITH_CAMELLIA_256_CBC_SHA</elem>
<elem key="strength">A</elem>
<elem key="kex_info">dh 2048</elem>
</table>
<table>
<elem key="name">TLS_DHE_RSA_WITH_SEED_CBC_SHA</elem>
<elem key="strength">A</elem>
<elem key="kex_info">dh 2048</elem>
</table>
<table>
<elem key="name">TLS_DH_anon_WITH_AES_128_CBC_SHA</elem>
<elem key="strength">F</elem>
</table>
<table>
<elem key="name">TLS_DH_anon_WITH_AES_256_CBC_SHA</elem>
<elem key="strength">F</elem>
</table>
<table>
<elem key="name">TLS_DH_anon_WITH_CAMELLIA_128_CBC_SHA</elem>
<elem key="strength">F</elem>
</table>
<table>
<elem key="name">TLS_DH_anon_WITH_CAMELLIA_256_CBC_SHA</elem>
<elem key="strength">F</elem>
</table>
<table>
<elem key="name">TLS_DH_anon_WITH_SEED_CBC_SHA</elem>
<elem key="strength">F</elem>
</table>
<table>
<elem key="name">TLS_ECDHE_RSA_WITH_AES_128_CBC_SHA</elem>
<elem key="strength">A</elem>
<elem key="kex_info">secp256r1</elem>
</table>
<table>
<elem key="name">TLS_ECDHE_RSA_WITH_AES_256_CBC_SHA</elem>
<elem key="strength">A</elem>
<elem key="kex_info">secp256r1</elem>
</table>
<table>
<elem key="name">TLS_ECDH_anon_WITH_AES_128_CBC_SHA</elem>
<elem key="strength">F</elem>
</table>
<table>
<elem key="name">TLS_ECDH_anon_WITH_AES_256_CBC_SHA</elem>
<elem key="strength">F</elem>
</table>
<table>
<elem key="name">TLS_RSA_WITH_AES_128_CBC_SHA</elem>
<elem key="strength">A</elem>
<elem key="kex_info">rsa 2048</elem>
</table>
<table>
<elem key="name">TLS_RSA_WITH_AES_256_CBC_SHA</elem>
<elem key="strength">A</elem>
<elem key="kex_info">rsa 2048</elem>
</table>
<table>
<elem key="name">TLS_RSA_WITH_CAMELLIA_128_CBC_SHA</elem>
<elem key="strength">A</elem>
<elem key="kex_info">rsa 2048</elem>
</table>
<table>
<elem key="name">TLS_RSA_WITH_CAMELLIA_256_CBC_SHA</elem>
<elem key="strength">A</elem>
<elem key="kex_info">rsa 2048</elem>
</table>
<table>
<elem key="name">TLS_RSA_WITH_SEED_CBC_SHA</elem>
<elem key="strength">A</elem>
<elem key="kex_info">rsa 2048</elem>
</table>
</table>
<table key="compressors">
<elem>NULL</elem>
</table>
<elem key="cipher preference">client</elem>
</table>
<table key="TLSv1.2">
<table key="ciphers">
<table>
<elem key="name">TLS_DHE_RSA_WITH_AES_128_CBC_SHA</elem>
<elem key="strength">A</elem>
<elem key="kex_info">dh 2048</elem>
</table>
<table>
<elem key="name">TLS_DHE_RSA_WITH_AES_128_CBC_SHA256</elem>
<elem key="strength">A</elem>
<elem key="kex_info">dh 2048</elem>
</table>
<table>
<elem key="name">TLS_DHE_RSA_WITH_AES_128_CCM</elem>
<elem key="strength">A</elem>
<elem key="kex_info">dh 2048</elem>
</table>
<table>
<elem key="name">TLS_DHE_RSA_WITH_AES_128_CCM_8</elem>
<elem key="strength">A</elem>
<elem key="kex_info">dh 2048</elem>
</table>
<table>
<elem key="name">TLS_DHE_RSA_WITH_AES_128_GCM_SHA256</elem>
<elem key="strength">A</elem>
<elem key="kex_info">dh 2048</elem>
</table>
<table>
<elem key="name">TLS_DHE_RSA_WITH_AES_256_CBC_SHA</elem>
<elem key="strength">A</elem>
<elem key="kex_info">dh 2048</elem>
</table>
<table>
<elem key="name">TLS_DHE_RSA_WITH_AES_256_CBC_SHA256</elem>
<elem key="strength">A</elem>
<elem key="kex_info">dh 2048</elem>
</table>
<table>
<elem key="name">TLS_DHE_RSA_WITH_AES_256_CCM</elem>
<elem key="strength">A</elem>
<elem key="kex_info">dh 2048</elem>
</table>
<table>
<elem key="name">TLS_DHE_RSA_WITH_AES_256_CCM_8</elem>
<elem key="strength">A</elem>
<elem key="kex_info">dh 2048</elem>
</table>
<table>
<elem key="name">TLS_DHE_RSA_WITH_AES_256_GCM_SHA384</elem>
<elem key="strength">A</elem>
<elem key="kex_info">dh 2048</elem>
</table>
<table>
<elem key="name">TLS_DHE_RSA_WITH_CAMELLIA_128_CBC_SHA</elem>
<elem key="strength">A</elem>
<elem key="kex_info">dh 2048</elem>
</table>
<table>
<elem key="name">TLS_DHE_RSA_WITH_CAMELLIA_128_CBC_SHA256</elem>
<elem key="strength">A</elem>
<elem key="kex_info">dh 2048</elem>
</table>
<table>
<elem key="name">TLS_DHE_RSA_WITH_CAMELLIA_256_CBC_SHA</elem>
<elem key="strength">A</elem>
<elem key="kex_info">dh 2048</elem>
</table>
<table>
<elem key="name">TLS_DHE_RSA_WITH_CAMELLIA_256_CBC_SHA256</elem>
<elem key="strength">A</elem>
<elem key="kex_info">dh 2048</elem>
</table>
<table>
<elem key="name">TLS_DHE_RSA_WITH_CHACHA20_POLY1305_SHA256</elem>
<elem key="strength">A</elem>
<elem key="kex_info">dh 2048</elem>
</table>
<table>
<elem key="name">TLS_DHE_RSA_WITH_SEED_CBC_SHA</elem>
<elem key="strength">A</elem>
<elem key="kex_info">dh 2048</elem>
</table>
<table>
<elem key="name">TLS_DH_anon_WITH_AES_128_CBC_SHA</elem>
<elem key="strength">F</elem>
</table>
<table>
<elem key="name">TLS_DH_anon_WITH_AES_128_CBC_SHA256</elem>
<elem key="strength">F</elem>
</table>
<table>
<elem key="name">TLS_DH_anon_WITH_AES_128_GCM_SHA256</elem>
<elem key="strength">F</elem>
</table>
<table>
<elem key="name">TLS_DH_anon_WITH_AES_256_CBC_SHA</elem>
<elem key="strength">F</elem>
</table>
<table>
<elem key="name">TLS_DH_anon_WITH_AES_256_CBC_SHA256</elem>
<elem key="strength">F</elem>
</table>
<table>
<elem key="name">TLS_DH_anon_WITH_AES_256_GCM_SHA384</elem>
<elem key="strength">F</elem>
</table>
<table>
<elem key="name">TLS_DH_anon_WITH_CAMELLIA_128_CBC_SHA</elem>
<elem key="strength">F</elem>
</table>
<table>
<elem key="name">TLS_DH_anon_WITH_CAMELLIA_128_CBC_SHA256</elem>
<elem key="strength">F</elem>
</table>
<table>
<elem key="name">TLS_DH_anon_WITH_CAMELLIA_256_CBC_SHA</elem>
<elem key="strength">F</elem>
</table>
<table>
<elem key="name">TLS_DH_anon_WITH_CAMELLIA_256_CBC_SHA256</elem>
<elem key="strength">F</elem>
</table>
<table>
<elem key="name">TLS_DH_anon_WITH_SEED_CBC_SHA</elem>
<elem key="strength">F</elem>
</table>
<table>
<elem key="name">TLS_ECDHE_RSA_WITH_AES_128_CBC_SHA</elem>
<elem key="strength">A</elem>
<elem key="kex_info">secp256r1</elem>
</table>
<table>
<elem key="name">TLS_ECDHE_RSA_WITH_AES_128_CBC_SHA256</elem>
<elem key="strength">A</elem>
<elem key="kex_info">secp256r1</elem>
</table>
<table>
<elem key="name">TLS_ECDHE_RSA_WITH_AES_128_GCM_SHA256</elem>
<elem key="strength">A</elem>
<elem key="kex_info">secp256r1</elem>
</table>
<table>
<elem key="name">TLS_ECDHE_RSA_WITH_AES_256_CBC_SHA</elem>
<elem key="strength">A</elem>
<elem key="kex_info">secp256r1</elem>
</table>
<table>
<elem key="name">TLS_ECDHE_RSA_WITH_AES_256_CBC_SHA384</elem>
<elem key="strength">A</elem>
<elem key="kex_info">secp256r1</elem>
</table>
<table>
<elem key="name">TLS_ECDHE_RSA_WITH_AES_256_GCM_SHA384</elem>
<elem key="strength">A</elem>
<elem key="kex_info">secp256r1</elem>
</table>
<table>
<elem key="name">TLS_ECDHE_RSA_WITH_CAMELLIA_128_CBC_SHA256</elem>
<elem key="strength">A</elem>
<elem key="kex_info">secp256r1</elem>
</table>
<table>
<elem key="name">TLS_ECDHE_RSA_WITH_CAMELLIA_256_CBC_SHA384</elem>
<elem key="strength">A</elem>
<elem key="kex_info">secp256r1</elem>
</table>
<table>
<elem key="name">TLS_ECDHE_RSA_WITH_CHACHA20_POLY1305_SHA256</elem>
<elem key="strength">A</elem>
<elem key="kex_info">secp256r1</elem>
</table>
<table>
<elem key="name">TLS_ECDH_anon_WITH_AES_128_CBC_SHA</elem>
<elem key="strength">F</elem>
</table>
<table>
<elem key="name">TLS_ECDH_anon_WITH_AES_256_CBC_SHA</elem>
<elem key="strength">F</elem>
</table>
<table>
<elem key="name">TLS_RSA_WITH_AES_128_CBC_SHA</elem>
<elem key="strength">A</elem>
<elem key="kex_info">rsa 2048</elem>
</table>
<table>
<elem key="name">TLS_RSA_WITH_AES_128_CBC_SHA256</elem>
<elem key="strength">A</elem>
<elem key="kex_info">rsa 2048</elem>
</table>
<table>
<elem key="name">TLS_RSA_WITH_AES_128_CCM</elem>
<elem key="strength">A</elem>
<elem key="kex_info">rsa 2048</elem>
</table>
<table>
<elem key="name">TLS_RSA_WITH_AES_128_CCM_8</elem>
<elem key="strength">A</elem>
<elem key="kex_info">rsa 2048</elem>
</table>
<table>
<elem key="name">TLS_RSA_WITH_AES_128_GCM_SHA256</elem>
<elem key="strength">A</elem>
<elem key="kex_info">rsa 2048</elem>
</table>
<table>
<elem key="name">TLS_RSA_WITH_AES_256_CBC_SHA</elem>
<elem key="strength">A</elem>
<elem key="kex_info">rsa 2048</elem>
</table>
<table>
<elem key="name">TLS_RSA_WITH_AES_256_CBC_SHA256</elem>
<elem key="strength">A</elem>
<elem key="kex_info">rsa 2048</elem>
</table>
<table>
<elem key="name">TLS_RSA_WITH_AES_256_CCM</elem>
<elem key="strength">A</elem>
<elem key="kex_info">rsa 2048</elem>
</table>
<table>
<elem key="name">TLS_RSA_WITH_AES_256_CCM_8</elem>
<elem key="strength">A</elem>
<elem key="kex_info">rsa 2048</elem>
</table>
<table>
<elem key="name">TLS_RSA_WITH_AES_256_GCM_SHA384</elem>
<elem key="strength">A</elem>
<elem key="kex_info">rsa 2048</elem>
</table>
<table>
<elem key="name">TLS_RSA_WITH_CAMELLIA_128_CBC_SHA</elem>
<elem key="strength">A</elem>
<elem key="kex_info">rsa 2048</elem>
</table>
<table>
<elem key="name">TLS_RSA_WITH_CAMELLIA_128_CBC_SHA256</elem>
<elem key="strength">A</elem>
<elem key="kex_info">rsa 2048</elem>
</table>
<table>
<elem key="name">TLS_RSA_WITH_CAMELLIA_256_CBC_SHA</elem>
<elem key="strength">A</elem>
<elem key="kex_info">rsa 2048</elem>
</table>
<table>
<elem key="name">TLS_RSA_WITH_CAMELLIA_256_CBC_SHA256</elem>
<elem key="strength">A</elem>
<elem key="kex_info">rsa 2048</elem>
</table>
<table>
<elem key="name">TLS_RSA_WITH_SEED_CBC_SHA</elem>
<elem key="strength">A</elem>
<elem key="kex_info">rsa 2048</elem>
</table>
</table>
<table key="compressors">
<elem>NULL</elem>
</table>
<elem key="cipher preference">client</elem>
</table>
<elem key="least strength">F</elem>
</script><script id="sslv2-drown" output="&#xa;"></script></port>
</ports>
<times srtt="846016" rttvar="846016" to="4230080"/>
</host>
<taskbegin task="NSE" time="1588262395"/>
<taskend task="NSE" time="1588262395"/>
<taskbegin task="NSE" time="1588262395"/>
<taskend task="NSE" time="1588262395"/>
<taskbegin task="NSE" time="1588262395"/>
<taskend task="NSE" time="1588262395"/>
<runstats><finished time="1588262395" timestr="Thu Apr 30 23:59:55 2020" elapsed="201.39" summary="Nmap done at Thu Apr 30 23:59:55 2020; 1 IP address (1 host up) scanned in 201.39 seconds" exit="success"/><hosts up="1" down="0" total="1"/>
</runstats>
</nmaprun>
