<?xml version="1.0" encoding="UTF-8"?>
<!DOCTYPE nmaprun>
<?xml-stylesheet href="file:///usr/bin/../share/nmap/nmap.xsl" type="text/xsl"?>
<!-- Nmap 7.80 scan initiated Fri May  1 00:04:33 2020 as: nmap -vv -&#45;reason -Pn -sU -sV -p 161 &quot;-&#45;script=banner,(snmp* or ssl*) and not (brute or broadcast or dos or external or fuzzer)&quot; -oN /root/AutoRecon/results/192.168.50.82/scans/udp_161_snmp-nmap.txt -oX /root/AutoRecon/results/192.168.50.82/scans/xml/udp_161_snmp_nmap.xml 192.168.50.82 -->
<nmaprun scanner="nmap" args="nmap -vv -&#45;reason -Pn -sU -sV -p 161 &quot;-&#45;script=banner,(snmp* or ssl*) and not (brute or broadcast or dos or external or fuzzer)&quot; -oN /root/AutoRecon/results/192.168.50.82/scans/udp_161_snmp-nmap.txt -oX /root/AutoRecon/results/192.168.50.82/scans/xml/udp_161_snmp_nmap.xml 192.168.50.82" start="1588262673" startstr="Fri May  1 00:04:33 2020" version="7.80" xmloutputversion="1.04">
<scaninfo type="udp" protocol="udp" numservices="1" services="161"/>
<verbose level="2"/>
<debugging level="0"/>
<taskbegin task="NSE" time="1588262682"/>
<taskend task="NSE" time="1588262682"/>
<taskbegin task="NSE" time="1588262682"/>
<taskend task="NSE" time="1588262682"/>
<taskbegin task="NSE" time="1588262682"/>
<taskend task="NSE" time="1588262682"/>
<taskbegin task="Parallel DNS resolution of 1 host." time="1588262683"/>
<taskend task="Parallel DNS resolution of 1 host." time="1588262683"/>
<taskbegin task="UDP Scan" time="1588262683"/>
<taskend task="UDP Scan" time="1588262683" extrainfo="1 total ports"/>
<taskbegin task="Service scan" time="1588262687"/>
<taskend task="Service scan" time="1588262687" extrainfo="1 service on 1 host"/>
<taskbegin task="NSE" time="1588262687"/>
<taskend task="NSE" time="1588262702"/>
<taskbegin task="NSE" time="1588262702"/>
<taskend task="NSE" time="1588262703"/>
<taskbegin task="NSE" time="1588262703"/>
<taskend task="NSE" time="1588262703"/>
<host starttime="1588262683" endtime="1588262703"><status state="up" reason="user-set" reason_ttl="0"/>
<address addr="192.168.50.82" addrtype="ipv4"/>
<hostnames>
<hostname name="192.168.50.82" type="PTR"/>
</hostnames>
<ports><port protocol="udp" portid="161"><state state="open" reason="udp-response" reason_ttl="63"/><service name="snmp" product="SNMPv1 server" extrainfo="public" hostname="rocinante" method="probed" conf="10"/></port>
</ports>
<times srtt="430659" rttvar="430659" to="2153295"/>
</host>
<taskbegin task="NSE" time="1588262703"/>
<taskend task="NSE" time="1588262703"/>
<taskbegin task="NSE" time="1588262703"/>
<taskend task="NSE" time="1588262703"/>
<taskbegin task="NSE" time="1588262703"/>
<taskend task="NSE" time="1588262703"/>
<runstats><finished time="1588262703" timestr="Fri May  1 00:05:03 2020" elapsed="31.49" summary="Nmap done at Fri May  1 00:05:03 2020; 1 IP address (1 host up) scanned in 31.49 seconds" exit="success"/><hosts up="1" down="0" total="1"/>
</runstats>
</nmaprun>
